Date,team,opponent,goals_for,goals_against,shots_for,shots_against,sot_for,sot_against,corners_for,corners_against,total_goals,over25,is_home,goal_diff,is_win,is_draw,is_loss
2022-08-05,Arsenal,Crystal Palace,2,0,10,10,2,2,5,3,2,0,0,2,1,0,0
2022-08-13,Arsenal,Leicester,4,2,19,6,7,2,6,2,6,1,1,2,1,0,0
2022-08-20,Arsenal,Bournemouth,3,0,14,6,6,1,4,3,3,1,0,3,1,0,0
2022-08-27,Arsenal,Fulham,2,1,22,11,8,3,9,2,3,1,1,1,1,0,0
2022-08-31,Arsenal,Aston Villa,2,1,22,4,9,3,10,3,3,1,1,1,1,0,0
2022-09-04,Arsenal,Man United,1,3,16,10,3,6,5,2,4,1,0,-2,0,0,1
2022-09-18,Arsenal,Brentford,3,0,13,5,7,2,3,3,3,1,0,3,1,0,0
2022-10-01,Arsenal,Tottenham,3,1,22,7,9,3,5,2,4,1,1,2,1,0,0
2022-10-09,Arsenal,Liverpool,3,2,11,8,7,3,4,3,5,1,1,1,1,0,0
2022-10-16,Arsenal,Leeds,1,0,9,16,4,4,3,6,1,0,0,1,1,0,0
2022-10-23,Arsenal,Southampton,1,1,12,10,3,3,4,9,2,0,0,0,0,1,0
2022-10-30,Arsenal,Nott'm Forest,5,0,24,5,10,2,9,4,5,1,1,5,1,0,0
2022-11-06,Arsenal,Chelsea,1,0,14,5,2,1,6,4,1,0,0,1,1,0,0
2022-11-12,Arsenal,Wolves,2,0,14,11,4,2,4,6,2,0,0,2,1,0,0
2022-12-26,Arsenal,West Ham,3,1,16,8,5,4,7,5,4,1,1,2,1,0,0
2022-12-31,Arsenal,Brighton,4,2,14,9,7,5,4,7,6,1,0,2,1,0,0
2023-01-03,Arsenal,Newcastle,0,0,17,8,4,1,5,5,0,0,1,0,0,1,0
2023-01-15,Arsenal,Tottenham,2,0,14,17,5,7,3,4,2,0,0,2,1,0,0
2023-01-22,Arsenal,Man United,3,2,25,6,5,4,12,4,5,1,1,1,1,0,0
2023-02-04,Arsenal,Everton,0,1,15,12,3,4,5,7,1,0,0,-1,0,0,1
2023-02-11,Arsenal,Brentford,1,1,23,9,7,2,7,4,2,0,1,0,0,1,0
2023-02-15,Arsenal,Man City,1,3,10,9,1,6,1,3,4,1,1,-2,0,0,1
2023-02-18,Arsenal,Aston Villa,4,2,20,7,5,5,9,2,6,1,0,2,1,0,0
2023-02-25,Arsenal,Leicester,1,0,10,1,2,0,8,0,1,0,0,1,1,0,0
2023-03-01,Arsenal,Everton,4,0,15,8,5,5,5,1,4,1,1,4,1,0,0
2023-03-04,Arsenal,Bournemouth,3,2,31,4,9,4,17,1,5,1,1,1,1,0,0
2023-03-12,Arsenal,Fulham,3,0,15,12,7,2,8,4,3,1,0,3,1,0,0
2023-03-19,Arsenal,Crystal Palace,4,1,15,8,5,4,5,4,5,1,1,3,1,0,0
2023-04-01,Arsenal,Leeds,4,1,13,7,6,5,4,3,5,1,1,3,1,0,0
2023-04-09,Arsenal,Liverpool,2,2,9,21,5,6,4,5,4,1,0,0,0,1,0
2023-04-16,Arsenal,West Ham,2,2,11,16,5,3,2,7,4,1,0,0,0,1,0
2023-04-21,Arsenal,Southampton,3,3,25,8,6,6,7,2,6,1,1,0,0,1,0
2023-04-26,Arsenal,Man City,1,4,8,14,2,9,3,1,5,1,0,-3,0,0,1
2023-05-02,Arsenal,Chelsea,3,1,16,7,10,4,7,2,4,1,1,2,1,0,0
2023-05-07,Arsenal,Newcastle,2,0,10,12,6,5,4,9,2,0,0,2,1,0,0
2023-05-14,Arsenal,Brighton,0,3,14,12,2,6,5,2,3,1,1,-3,0,0,1
2023-05-20,Arsenal,Nott'm Forest,0,1,11,6,3,2,6,3,1,0,0,-1,0,0,1
2023-05-28,Arsenal,Wolves,5,0,14,6,8,0,8,4,5,1,1,5,1,0,0
2023-08-12,Arsenal,Nott'm Forest,2,1,15,6,7,2,8,3,3,1,1,1,1,0,0
2023-08-21,Arsenal,Crystal Palace,1,0,14,14,3,2,8,1,1,0,0,1,1,0,0
2023-08-26,Arsenal,Fulham,2,2,19,8,11,3,8,3,4,1,1,0,0,1,0
2023-09-03,Arsenal,Man United,3,1,17,10,5,2,12,3,4,1,1,2,1,0,0
2023-09-17,Arsenal,Everton,1,0,13,8,4,1,11,1,1,0,0,1,1,0,0
2023-09-24,Arsenal,Tottenham,2,2,13,13,6,5,11,4,4,1,1,0,0,1,0
2023-09-30,Arsenal,Bournemouth,4,0,15,8,8,1,6,6,4,1,0,4,1,0,0
2023-10-08,Arsenal,Man City,1,0,12,4,2,1,5,4,1,0,1,1,1,0,0
2023-10-21,Arsenal,Chelsea,2,2,13,11,3,5,7,2,4,1,0,0,0,1,0
2023-10-28,Arsenal,Sheffield United,5,0,13,2,8,0,6,1,5,1,1,5,1,0,0
2023-11-04,Arsenal,Newcastle,0,1,14,9,1,2,11,0,1,0,0,-1,0,0,1
2023-11-11,Arsenal,Burnley,3,1,16,8,6,5,3,3,4,1,1,2,1,0,0
2023-11-25,Arsenal,Brentford,1,0,15,9,4,3,8,1,1,0,0,1,1,0,0
2023-12-02,Arsenal,Wolves,2,1,19,6,6,3,4,0,3,1,1,1,1,0,0
2023-12-05,Arsenal,Luton,4,3,23,6,9,4,8,3,7,1,0,1,1,0,0
2023-12-09,Arsenal,Aston Villa,0,1,12,10,5,3,3,3,1,0,0,-1,0,0,1
2023-12-17,Arsenal,Brighton,2,0,26,6,9,1,10,1,2,0,1,2,1,0,0
2023-12-23,Arsenal,Liverpool,1,1,13,13,2,3,5,4,2,0,0,0,0,1,0
2023-12-28,Arsenal,West Ham,0,2,30,6,8,3,10,3,2,0,1,-2,0,0,1
2023-12-31,Arsenal,Fulham,1,2,13,15,3,4,4,5,3,1,0,-1,0,0,1
2024-01-20,Arsenal,Crystal Palace,5,0,21,12,6,5,6,7,5,1,1,5,1,0,0
2024-01-30,Arsenal,Nott'm Forest,2,1,19,9,3,3,11,2,3,1,0,1,1,0,0
2024-02-04,Arsenal,Liverpool,3,1,15,10,7,1,2,4,4,1,1,2,1,0,0
2024-02-11,Arsenal,West Ham,6,0,25,5,12,1,6,2,6,1,0,6,1,0,0
2024-02-17,Arsenal,Burnley,5,0,16,8,7,0,6,4,5,1,0,5,1,0,0
2024-02-24,Arsenal,Newcastle,4,1,18,3,8,2,9,0,5,1,1,3,1,0,0
2024-03-04,Arsenal,Sheffield United,6,0,22,4,10,0,7,0,6,1,0,6,1,0,0
2024-03-09,Arsenal,Brentford,2,1,17,9,6,4,10,4,3,1,1,1,1,0,0
2024-03-31,Arsenal,Man City,0,0,6,12,2,1,4,7,0,0,0,0,0,1,0
2024-04-03,Arsenal,Luton,2,0,13,5,4,1,3,1,2,0,1,2,1,0,0
2024-04-06,Arsenal,Brighton,3,0,20,10,7,2,7,8,3,1,0,3,1,0,0
2024-04-14,Arsenal,Aston Villa,0,2,18,11,4,2,4,6,2,0,1,-2,0,0,1
2024-04-20,Arsenal,Wolves,2,0,24,5,9,3,2,1,2,0,0,2,1,0,0
2024-04-23,Arsenal,Chelsea,5,0,27,7,10,1,4,2,5,1,1,5,1,0,0
2024-04-28,Arsenal,Tottenham,3,2,9,14,3,2,6,8,5,1,0,1,1,0,0
2024-05-04,Arsenal,Bournemouth,3,0,25,7,9,2,6,1,3,1,1,3,1,0,0
2024-05-12,Arsenal,Man United,1,0,11,14,5,2,7,4,1,0,0,1,1,0,0
2024-05-19,Arsenal,Everton,2,1,26,5,5,2,8,1,3,1,1,1,1,0,0
2022-08-06,Aston Villa,Bournemouth,0,2,15,7,2,3,5,5,2,0,0,-2,0,0,1
2022-08-13,Aston Villa,Everton,2,1,12,15,4,4,5,8,3,1,1,1,1,0,0
2022-08-20,Aston Villa,Crystal Palace,1,3,13,17,5,9,2,4,4,1,0,-2,0,0,1
2022-08-28,Aston Villa,West Ham,0,1,9,7,3,2,3,2,1,0,1,-1,0,0,1
2022-08-31,Aston Villa,Arsenal,1,2,4,22,3,9,3,10,3,1,0,-1,0,0,1
2022-09-03,Aston Villa,Man City,1,1,3,13,1,4,1,4,2,0,1,0,0,1,0
2022-09-16,Aston Villa,Southampton,1,0,11,7,3,1,6,3,1,0,1,1,1,0,0
2022-10-02,Aston Villa,Leeds,0,0,19,9,7,1,9,2,0,0,0,0,0,1,0
2022-10-10,Aston Villa,Nott'm Forest,1,1,12,6,2,3,4,1,2,0,0,0,0,1,0
2022-10-16,Aston Villa,Chelsea,0,2,18,8,7,4,7,1,2,0,1,-2,0,0,1
2022-10-20,Aston Villa,Fulham,0,3,12,18,6,8,7,9,3,1,0,-3,0,0,1
2022-10-23,Aston Villa,Brentford,4,0,19,12,11,3,7,6,4,1,1,4,1,0,0
2022-10-29,Aston Villa,Newcastle,0,4,3,20,0,7,0,3,4,1,0,-4,0,0,1
2022-11-06,Aston Villa,Man United,3,1,6,8,4,3,3,5,4,1,1,2,1,0,0
2022-11-13,Aston Villa,Brighton,2,1,8,7,2,2,4,11,3,1,0,1,1,0,0
2022-12-26,Aston Villa,Liverpool,1,3,12,16,6,9,0,6,4,1,1,-2,0,0,1
2023-01-01,Aston Villa,Tottenham,2,0,13,6,4,2,3,5,2,0,0,2,1,0,0
2023-01-04,Aston Villa,Wolves,1,1,13,10,4,3,7,8,2,0,1,0,0,1,0
2023-01-13,Aston Villa,Leeds,2,1,11,16,5,4,0,11,3,1,1,1,1,0,0
2023-01-21,Aston Villa,Southampton,1,0,16,8,5,5,2,2,1,0,0,1,1,0,0
2023-02-04,Aston Villa,Leicester,2,4,19,9,4,5,11,3,6,1,1,-2,0,0,1
2023-02-12,Aston Villa,Man City,1,3,6,17,2,9,4,8,4,1,0,-2,0,0,1
2023-02-18,Aston Villa,Arsenal,2,4,7,20,5,5,2,9,6,1,1,-2,0,0,1
2023-02-25,Aston Villa,Everton,2,0,9,15,5,5,1,5,2,0,0,2,1,0,0
2023-03-04,Aston Villa,Crystal Palace,1,0,8,3,1,0,2,4,1,0,1,1,1,0,0
2023-03-12,Aston Villa,West Ham,1,1,12,17,4,6,2,13,2,0,0,0,0,1,0
2023-03-18,Aston Villa,Bournemouth,3,0,20,10,9,3,9,6,3,1,1,3,1,0,0
2023-04-01,Aston Villa,Chelsea,2,0,5,27,2,8,2,13,2,0,0,2,1,0,0
2023-04-04,Aston Villa,Leicester,2,1,15,9,5,4,8,4,3,1,0,1,1,0,0
2023-04-08,Aston Villa,Nott'm Forest,2,0,8,6,3,2,1,8,2,0,1,2,1,0,0
2023-04-15,Aston Villa,Newcastle,3,0,16,8,6,2,7,2,3,1,1,3,1,0,0
2023-04-22,Aston Villa,Brentford,1,1,14,6,2,5,4,8,2,0,0,0,0,1,0
2023-04-25,Aston Villa,Fulham,1,0,14,1,3,0,8,2,1,0,1,1,1,0,0
2023-04-30,Aston Villa,Man United,0,1,7,14,1,6,4,1,1,0,0,-1,0,0,1
2023-05-06,Aston Villa,Wolves,0,1,16,6,3,2,6,5,1,0,0,-1,0,0,1
2023-05-13,Aston Villa,Tottenham,2,1,8,5,4,2,8,3,3,1,1,1,1,0,0
2023-05-20,Aston Villa,Liverpool,1,1,6,10,3,5,4,9,2,0,0,0,0,1,0
2023-05-28,Aston Villa,Brighton,2,1,12,8,5,4,4,3,3,1,1,1,1,0,0
2023-08-12,Aston Villa,Newcastle,1,5,16,17,6,13,5,6,6,1,0,-4,0,0,1
2023-08-20,Aston Villa,Everton,4,0,13,9,7,2,7,6,4,1,1,4,1,0,0
2023-08-27,Aston Villa,Burnley,3,1,16,9,6,2,6,4,4,1,0,2,1,0,0
2023-09-03,Aston Villa,Liverpool,0,3,9,17,3,4,3,7,3,1,0,-3,0,0,1
2023-09-16,Aston Villa,Crystal Palace,3,1,16,6,5,3,4,2,4,1,1,2,1,0,0
2023-09-24,Aston Villa,Chelsea,1,0,15,10,7,4,11,5,1,0,0,1,1,0,0
2023-09-30,Aston Villa,Brighton,6,1,19,11,9,3,1,3,7,1,1,5,1,0,0
2023-10-08,Aston Villa,Wolves,1,1,18,8,4,3,10,2,2,0,0,0,0,1,0
2023-10-22,Aston Villa,West Ham,4,1,15,14,7,4,8,7,5,1,1,3,1,0,0
2023-10-29,Aston Villa,Luton,3,1,17,7,6,1,6,4,4,1,1,2,1,0,0
2023-11-05,Aston Villa,Nott'm Forest,0,2,13,5,3,3,10,0,2,0,0,-2,0,0,1
2023-11-12,Aston Villa,Fulham,3,1,12,9,6,5,2,2,4,1,1,2,1,0,0
2023-11-26,Aston Villa,Tottenham,2,1,15,18,5,8,3,9,3,1,0,1,1,0,0
2023-12-03,Aston Villa,Bournemouth,2,2,11,15,3,7,7,7,4,1,0,0,0,1,0
2023-12-06,Aston Villa,Man City,1,0,22,2,7,2,6,0,1,0,1,1,1,0,0
2023-12-09,Aston Villa,Arsenal,1,0,10,12,3,5,3,3,1,0,1,1,1,0,0
2023-12-17,Aston Villa,Brentford,2,1,15,4,5,3,12,7,3,1,0,1,1,0,0
2023-12-22,Aston Villa,Sheffield United,1,1,12,5,4,2,9,1,2,0,1,0,0,1,0
2023-12-26,Aston Villa,Man United,2,3,10,13,4,7,6,3,5,1,0,-1,0,0,1
2023-12-30,Aston Villa,Burnley,3,2,19,9,7,5,6,2,5,1,1,1,1,0,0
2024-01-14,Aston Villa,Everton,0,0,16,10,5,2,5,4,0,0,0,0,0,1,0
2024-01-30,Aston Villa,Newcastle,1,3,12,14,6,5,8,7,4,1,1,-2,0,0,1
2024-02-03,Aston Villa,Sheffield United,5,0,14,10,10,5,4,3,5,1,0,5,1,0,0
2024-02-11,Aston Villa,Man United,1,2,23,17,10,5,10,8,3,1,1,-1,0,0,1
2024-02-17,Aston Villa,Fulham,2,1,12,15,3,4,4,4,3,1,0,1,1,0,0
2024-02-24,Aston Villa,Nott'm Forest,4,2,16,10,6,3,7,2,6,1,1,2,1,0,0
2024-03-02,Aston Villa,Luton,3,2,12,13,8,5,6,8,5,1,0,1,1,0,0
2024-03-10,Aston Villa,Tottenham,0,4,10,9,1,5,6,4,4,1,1,-4,0,0,1
2024-03-17,Aston Villa,West Ham,1,1,13,13,5,5,11,7,2,0,0,0,0,1,0
2024-03-30,Aston Villa,Wolves,2,0,11,13,5,3,5,4,2,0,1,2,1,0,0
2024-04-03,Aston Villa,Man City,1,4,8,25,3,11,3,2,5,1,0,-3,0,0,1
2024-04-06,Aston Villa,Brentford,3,3,11,8,3,3,11,3,6,1,1,0,0,1,0
2024-04-14,Aston Villa,Arsenal,2,0,11,18,2,4,6,4,2,0,0,2,1,0,0
2024-04-21,Aston Villa,Bournemouth,3,1,14,14,4,6,8,4,4,1,1,2,1,0,0
2024-04-27,Aston Villa,Chelsea,2,2,9,21,4,5,2,4,4,1,1,0,0,1,0
2024-05-05,Aston Villa,Brighton,0,1,2,15,1,8,3,7,1,0,0,-1,0,0,1
2024-05-13,Aston Villa,Liverpool,3,3,19,14,5,7,5,4,6,1,1,0,0,1,0
2024-05-19,Aston Villa,Crystal Palace,0,5,8,15,2,9,4,2,5,1,0,-5,0,0,1
2022-08-06,Bournemouth,Aston Villa,2,0,7,15,3,2,5,5,2,0,1,2,1,0,0
2022-08-13,Bournemouth,Man City,0,4,3,19,1,7,1,11,4,1,0,-4,0,0,1
2022-08-20,Bournemouth,Arsenal,0,3,6,14,1,6,3,4,3,1,1,-3,0,0,1
2022-08-27,Bournemouth,Liverpool,0,9,5,19,2,12,1,8,9,1,0,-9,0,0,1
2022-08-31,Bournemouth,Wolves,0,0,5,17,2,4,2,5,0,0,1,0,0,1,0
2022-09-03,Bournemouth,Nott'm Forest,3,2,8,11,3,3,6,4,5,1,0,1,1,0,0
2022-09-17,Bournemouth,Newcastle,1,1,10,20,3,7,1,8,2,0,0,0,0,1,0
2022-10-01,Bournemouth,Brentford,0,0,7,13,1,4,7,8,0,0,1,0,0,1,0
2022-10-08,Bournemouth,Leicester,2,1,10,9,4,5,7,2,3,1,1,1,1,0,0
2022-10-15,Bournemouth,Fulham,2,2,10,19,6,4,6,5,4,1,0,0,0,1,0
2022-10-19,Bournemouth,Southampton,0,1,15,9,3,3,7,3,1,0,1,-1,0,0,1
2022-10-24,Bournemouth,West Ham,0,2,5,20,3,4,0,5,2,0,0,-2,0,0,1
2022-10-29,Bournemouth,Tottenham,2,3,6,23,4,7,2,19,5,1,1,-1,0,0,1
2022-11-05,Bournemouth,Leeds,3,4,9,18,6,4,3,13,7,1,0,-1,0,0,1
2022-11-12,Bournemouth,Everton,3,0,16,15,9,3,3,5,3,1,1,3,1,0,0
2022-12-27,Bournemouth,Chelsea,0,2,9,15,4,5,8,6,2,0,0,-2,0,0,1
2022-12-31,Bournemouth,Crystal Palace,0,2,6,15,2,6,2,7,2,0,1,-2,0,0,1
2023-01-03,Bournemouth,Man United,0,3,7,18,4,6,5,6,3,1,0,-3,0,0,1
2023-01-14,Bournemouth,Brentford,0,2,7,12,2,4,3,5,2,0,0,-2,0,0,1
2023-01-21,Bournemouth,Nott'm Forest,1,1,16,20,4,5,4,6,2,0,1,0,0,1,0
2023-02-04,Bournemouth,Brighton,0,1,12,20,2,6,3,7,1,0,0,-1,0,0,1
2023-02-11,Bournemouth,Newcastle,1,1,11,15,5,7,4,6,2,0,1,0,0,1,0
2023-02-18,Bournemouth,Wolves,1,0,5,15,1,4,2,12,1,0,0,1,1,0,0
2023-02-25,Bournemouth,Man City,1,4,13,20,2,5,4,6,5,1,1,-3,0,0,1
2023-03-04,Bournemouth,Arsenal,2,3,4,31,4,9,1,17,5,1,0,-1,0,0,1
2023-03-11,Bournemouth,Liverpool,1,0,5,15,2,6,3,8,1,0,1,1,1,0,0
2023-03-18,Bournemouth,Aston Villa,0,3,10,20,3,9,6,9,3,1,0,-3,0,0,1
2023-04-01,Bournemouth,Fulham,2,1,12,10,7,2,4,3,3,1,1,1,1,0,0
2023-04-04,Bournemouth,Brighton,0,2,14,16,3,6,5,5,2,0,1,-2,0,0,1
2023-04-08,Bournemouth,Leicester,1,0,19,14,7,4,6,6,1,0,0,1,1,0,0
2023-04-15,Bournemouth,Tottenham,3,2,6,24,6,8,1,8,5,1,0,1,1,0,0
2023-04-23,Bournemouth,West Ham,0,4,17,18,5,10,8,5,4,1,1,-4,0,0,1
2023-04-27,Bournemouth,Southampton,1,0,16,11,2,2,4,6,1,0,0,1,1,0,0
2023-04-30,Bournemouth,Leeds,4,1,12,15,7,6,2,6,5,1,1,3,1,0,0
2023-05-06,Bournemouth,Chelsea,1,3,10,11,4,5,7,7,4,1,1,-2,0,0,1
2023-05-13,Bournemouth,Crystal Palace,0,2,5,17,0,5,2,11,2,0,0,-2,0,0,1
2023-05-20,Bournemouth,Man United,0,1,10,20,4,5,3,6,1,0,1,-1,0,0,1
2023-05-28,Bournemouth,Everton,0,1,7,13,2,6,3,9,1,0,0,-1,0,0,1
2023-08-12,Bournemouth,West Ham,1,1,14,16,5,3,10,4,2,0,1,0,0,1,0
2023-08-19,Bournemouth,Liverpool,1,3,13,26,5,10,2,10,4,1,0,-2,0,0,1
2023-08-26,Bournemouth,Tottenham,0,2,11,17,3,6,6,2,2,0,1,-2,0,0,1
2023-09-02,Bournemouth,Brentford,2,2,12,21,5,7,2,5,4,1,0,0,0,1,0
2023-09-17,Bournemouth,Chelsea,0,0,13,14,4,6,1,7,0,0,1,0,0,1,0
2023-09-24,Bournemouth,Brighton,1,3,12,13,4,4,4,4,4,1,0,-2,0,0,1
2023-09-30,Bournemouth,Arsenal,0,4,8,15,1,8,6,6,4,1,1,-4,0,0,1
2023-10-07,Bournemouth,Everton,0,3,11,25,4,8,7,8,3,1,0,-3,0,0,1
2023-10-21,Bournemouth,Wolves,1,2,7,20,4,7,3,12,3,1,1,-1,0,0,1
2023-10-28,Bournemouth,Burnley,2,1,13,6,6,3,10,5,3,1,1,1,1,0,0
2023-11-04,Bournemouth,Man City,1,6,5,21,1,8,1,12,7,1,0,-5,0,0,1
2023-11-11,Bournemouth,Newcastle,2,0,19,8,10,5,6,5,2,0,1,2,1,0,0
2023-11-25,Bournemouth,Sheffield United,3,1,23,10,11,2,7,4,4,1,0,2,1,0,0
2023-12-03,Bournemouth,Aston Villa,2,2,15,11,7,3,7,7,4,1,1,0,0,1,0
2023-12-06,Bournemouth,Crystal Palace,2,0,11,16,4,3,9,3,2,0,0,2,1,0,0
2023-12-09,Bournemouth,Man United,3,0,10,20,4,3,4,10,3,1,0,3,1,0,0
2023-12-23,Bournemouth,Nott'm Forest,3,2,18,11,7,5,6,6,5,1,0,1,1,0,0
2023-12-26,Bournemouth,Fulham,3,0,16,8,4,3,6,5,3,1,1,3,1,0,0
2023-12-31,Bournemouth,Tottenham,1,3,24,12,4,6,13,4,4,1,0,-2,0,0,1
2024-01-21,Bournemouth,Liverpool,0,4,11,14,1,7,8,5,4,1,1,-4,0,0,1
2024-02-01,Bournemouth,West Ham,1,1,9,9,4,3,5,1,2,0,0,0,0,1,0
2024-02-04,Bournemouth,Nott'm Forest,1,1,9,8,2,6,11,6,2,0,1,0,0,1,0
2024-02-10,Bournemouth,Fulham,1,3,25,7,4,6,14,1,4,1,0,-2,0,0,1
2024-02-17,Bournemouth,Newcastle,2,2,12,17,7,5,2,4,4,1,0,0,0,1,0
2024-02-24,Bournemouth,Man City,0,1,13,15,4,6,3,8,1,0,1,-1,0,0,1
2024-03-03,Bournemouth,Burnley,2,0,10,20,3,6,2,7,2,0,0,2,1,0,0
2024-03-09,Bournemouth,Sheffield United,2,2,32,13,12,9,10,3,4,1,1,0,0,1,0
2024-03-13,Bournemouth,Luton,4,3,24,8,10,4,11,3,7,1,1,1,1,0,0
2024-03-30,Bournemouth,Everton,2,1,11,7,4,3,9,8,3,1,1,1,1,0,0
2024-04-02,Bournemouth,Crystal Palace,1,0,11,3,6,2,9,2,1,0,1,1,1,0,0
2024-04-06,Bournemouth,Luton,1,2,8,19,1,9,2,7,3,1,0,-1,0,0,1
2024-04-13,Bournemouth,Man United,2,2,20,8,5,2,7,2,4,1,1,0,0,1,0
2024-04-21,Bournemouth,Aston Villa,1,3,14,14,6,4,4,8,4,1,0,-2,0,0,1
2024-04-24,Bournemouth,Wolves,1,0,21,15,6,4,12,8,1,0,0,1,1,0,0
2024-04-28,Bournemouth,Brighton,3,0,15,13,6,1,8,2,3,1,1,3,1,0,0
2024-05-04,Bournemouth,Arsenal,0,3,7,25,2,9,1,6,3,1,0,-3,0,0,1
2024-05-11,Bournemouth,Brentford,1,2,13,11,4,5,3,8,3,1,1,-1,0,0,1
2024-05-19,Bournemouth,Chelsea,1,2,22,16,5,6,5,6,3,1,0,-1,0,0,1
2022-08-07,Brentford,Leicester,2,2,8,14,3,5,6,5,4,1,0,0,0,1,0
2022-08-13,Brentford,Man United,4,0,13,15,7,4,8,2,4,1,1,4,1,0,0
2022-08-20,Brentford,Fulham,2,3,13,18,5,9,3,6,5,1,0,-1,0,0,1
2022-08-27,Brentford,Everton,1,1,19,14,5,7,8,5,2,0,1,0,0,1,0
2022-08-30,Brentford,Crystal Palace,1,1,9,13,3,4,6,4,2,0,0,0,0,1,0
2022-09-03,Brentford,Leeds,5,2,14,17,8,6,2,6,7,1,1,3,1,0,0
2022-09-18,Brentford,Arsenal,0,3,5,13,2,7,3,3,3,1,1,-3,0,0,1
2022-10-01,Brentford,Bournemouth,0,0,13,7,4,1,8,7,0,0,0,0,0,1,0
2022-10-08,Brentford,Newcastle,1,5,6,16,3,6,5,9,6,1,0,-4,0,0,1
2022-10-14,Brentford,Brighton,2,0,7,21,3,7,2,11,2,0,1,2,1,0,0
2022-10-19,Brentford,Chelsea,0,0,8,14,5,5,6,2,0,0,1,0,0,1,0
2022-10-23,Brentford,Aston Villa,0,4,12,19,3,11,6,7,4,1,0,-4,0,0,1
2022-10-29,Brentford,Wolves,1,1,12,14,3,4,3,6,2,0,1,0,0,1,0
2022-11-05,Brentford,Nott'm Forest,2,2,6,15,2,7,3,3,4,1,0,0,0,1,0
2022-11-12,Brentford,Man City,2,1,10,29,8,6,2,10,3,1,0,1,1,0,0
2022-12-26,Brentford,Tottenham,2,2,9,16,5,8,6,5,4,1,1,0,0,1,0
2022-12-30,Brentford,West Ham,2,0,9,20,6,5,1,8,2,0,0,2,1,0,0
2023-01-02,Brentford,Liverpool,3,1,10,16,7,6,4,9,4,1,1,2,1,0,0
2023-01-14,Brentford,Bournemouth,2,0,12,7,4,2,5,3,2,0,1,2,1,0,0
2023-01-22,Brentford,Leeds,0,0,6,9,0,5,3,2,0,0,0,0,0,1,0
2023-02-04,Brentford,Southampton,3,0,14,14,4,6,4,4,3,1,1,3,1,0,0
2023-02-11,Brentford,Arsenal,1,1,9,23,2,7,4,7,2,0,0,0,0,1,0
2023-02-18,Brentford,Crystal Palace,1,1,12,10,5,4,2,6,2,0,1,0,0,1,0
2023-03-06,Brentford,Fulham,3,2,14,9,6,5,2,3,5,1,1,1,1,0,0
2023-03-11,Brentford,Everton,0,1,12,13,4,6,8,5,1,0,0,-1,0,0,1
2023-03-15,Brentford,Southampton,2,0,11,7,5,1,3,3,2,0,0,2,1,0,0
2023-03-18,Brentford,Leicester,1,1,11,14,2,1,8,4,2,0,1,0,0,1,0
2023-04-01,Brentford,Brighton,3,3,7,33,5,15,0,14,6,1,0,0,0,1,0
2023-04-05,Brentford,Man United,0,1,6,18,1,3,3,12,1,0,0,-1,0,0,1
2023-04-08,Brentford,Newcastle,1,2,12,10,6,4,6,5,3,1,1,-1,0,0,1
2023-04-15,Brentford,Wolves,0,2,10,11,3,9,2,5,2,0,0,-2,0,0,1
2023-04-22,Brentford,Aston Villa,1,1,6,14,5,2,8,4,2,0,1,0,0,1,0
2023-04-26,Brentford,Chelsea,2,0,7,15,1,4,2,5,2,0,0,2,1,0,0
2023-04-29,Brentford,Nott'm Forest,2,1,14,5,8,3,6,0,3,1,1,1,1,0,0
2023-05-06,Brentford,Liverpool,0,1,5,15,1,5,3,7,1,0,0,-1,0,0,1
2023-05-14,Brentford,West Ham,2,0,24,4,10,4,7,5,2,0,1,2,1,0,0
2023-05-20,Brentford,Tottenham,3,1,11,22,4,8,2,8,4,1,0,2,1,0,0
2023-05-28,Brentford,Man City,1,0,11,17,4,3,3,4,1,0,1,1,1,0,0
2023-08-13,Brentford,Tottenham,2,2,11,18,6,6,3,6,4,1,1,0,0,1,0
2023-08-19,Brentford,Fulham,3,0,17,10,8,2,5,5,3,1,0,3,1,0,0
2023-08-26,Brentford,Crystal Palace,1,1,12,15,1,5,8,6,2,0,1,0,0,1,0
2023-09-02,Brentford,Bournemouth,2,2,21,12,7,5,5,2,4,1,1,0,0,1,0
2023-09-16,Brentford,Newcastle,0,1,11,9,2,2,3,8,1,0,0,-1,0,0,1
2023-09-23,Brentford,Everton,1,3,12,18,2,6,1,4,4,1,1,-2,0,0,1
2023-10-01,Brentford,Nott'm Forest,1,1,18,6,5,1,11,1,2,0,0,0,0,1,0
2023-10-07,Brentford,Man United,1,2,11,21,3,8,5,7,3,1,0,-1,0,0,1
2023-10-21,Brentford,Burnley,3,0,23,6,10,1,5,5,3,1,1,3,1,0,0
2023-10-28,Brentford,Chelsea,2,0,7,17,5,2,1,10,2,0,0,2,1,0,0
2023-11-04,Brentford,West Ham,3,2,16,12,4,2,4,3,5,1,1,1,1,0,0
2023-11-12,Brentford,Liverpool,0,3,16,17,3,10,8,6,3,1,0,-3,0,0,1
2023-11-25,Brentford,Arsenal,0,1,9,15,3,4,1,8,1,0,1,-1,0,0,1
2023-12-02,Brentford,Luton,3,1,27,7,6,1,7,5,4,1,1,2,1,0,0
2023-12-06,Brentford,Brighton,1,2,8,18,2,7,3,7,3,1,0,-1,0,0,1
2023-12-09,Brentford,Sheffield United,0,1,10,9,4,4,4,3,1,0,0,-1,0,0,1
2023-12-17,Brentford,Aston Villa,1,2,4,15,3,5,7,12,3,1,1,-1,0,0,1
2023-12-27,Brentford,Wolves,1,4,14,11,4,5,8,2,5,1,1,-3,0,0,1
2023-12-30,Brentford,Crystal Palace,1,3,9,13,4,6,4,7,4,1,0,-2,0,0,1
2024-01-20,Brentford,Nott'm Forest,3,2,11,12,5,3,6,4,5,1,1,1,1,0,0
2024-01-31,Brentford,Tottenham,2,3,9,19,5,5,3,5,5,1,0,-1,0,0,1
2024-02-05,Brentford,Man City,1,3,9,25,3,15,8,13,4,1,1,-2,0,0,1
2024-02-10,Brentford,Wolves,2,0,9,17,6,5,4,7,2,0,0,2,1,0,0
2024-02-17,Brentford,Liverpool,1,4,15,15,6,8,1,6,5,1,1,-3,0,0,1
2024-02-20,Brentford,Man City,0,1,6,25,2,11,1,10,1,0,0,-1,0,0,1
2024-02-26,Brentford,West Ham,2,4,14,17,8,6,7,1,6,1,0,-2,0,0,1
2024-03-02,Brentford,Chelsea,2,2,14,17,5,6,0,6,4,1,1,0,0,1,0
2024-03-09,Brentford,Arsenal,1,2,9,17,4,6,4,10,3,1,0,-1,0,0,1
2024-03-16,Brentford,Burnley,1,2,9,17,5,6,4,5,3,1,0,-1,0,0,1
2024-03-30,Brentford,Man United,1,1,31,11,5,5,14,4,2,0,1,0,0,1,0
2024-04-03,Brentford,Brighton,0,0,5,24,2,6,1,5,0,0,1,0,0,1,0
2024-04-06,Brentford,Aston Villa,3,3,8,11,3,3,3,11,6,1,0,0,0,1,0
2024-04-13,Brentford,Sheffield United,2,0,9,8,5,2,3,6,2,0,1,2,1,0,0
2024-04-20,Brentford,Luton,5,1,21,6,9,3,9,4,6,1,0,4,1,0,0
2024-04-27,Brentford,Everton,0,1,10,18,4,1,6,6,1,0,0,-1,0,0,1
2024-05-04,Brentford,Fulham,0,0,7,15,3,3,7,6,0,0,1,0,0,1,0
2024-05-11,Brentford,Bournemouth,2,1,11,13,5,4,8,3,3,1,0,1,1,0,0
2024-05-19,Brentford,Newcastle,2,4,10,12,5,7,3,0,6,1,1,-2,0,0,1
2022-08-07,Brighton,Man United,2,1,15,17,4,5,2,6,3,1,0,1,1,0,0
2022-08-13,Brighton,Newcastle,0,0,13,4,7,1,7,3,0,0,1,0,0,1,0
2022-08-21,Brighton,West Ham,2,0,11,13,2,3,4,5,2,0,0,2,1,0,0
2022-08-27,Brighton,Leeds,1,0,13,10,4,2,5,3,1,0,1,1,1,0,0
2022-08-30,Brighton,Fulham,1,2,7,10,4,3,3,3,3,1,0,-1,0,0,1
2022-09-04,Brighton,Leicester,5,2,23,6,11,4,10,1,7,1,1,3,1,0,0
2022-10-01,Brighton,Liverpool,3,3,6,15,6,7,2,9,6,1,0,0,0,1,0
2022-10-08,Brighton,Tottenham,0,1,14,8,4,3,6,2,1,0,1,-1,0,0,1
2022-10-14,Brighton,Brentford,0,2,21,7,7,3,11,2,2,0,0,-2,0,0,1
2022-10-18,Brighton,Nott'm Forest,0,0,19,3,7,0,9,1,0,0,1,0,0,1,0
2022-10-22,Brighton,Man City,1,3,8,10,2,4,3,7,4,1,0,-2,0,0,1
2022-10-29,Brighton,Chelsea,4,1,19,15,9,7,8,7,5,1,1,3,1,0,0
2022-11-05,Brighton,Wolves,3,2,19,8,8,5,9,4,5,1,0,1,1,0,0
2022-11-13,Brighton,Aston Villa,1,2,7,8,2,2,11,4,3,1,1,-1,0,0,1
2022-12-26,Brighton,Southampton,3,1,7,14,4,4,2,4,4,1,0,2,1,0,0
2022-12-31,Brighton,Arsenal,2,4,9,14,5,7,7,4,6,1,1,-2,0,0,1
2023-01-03,Brighton,Everton,4,1,19,10,8,4,2,5,5,1,0,3,1,0,0
2023-01-14,Brighton,Liverpool,3,0,16,6,9,2,7,1,3,1,1,3,1,0,0
2023-01-21,Brighton,Leicester,2,2,13,9,4,2,6,5,4,1,0,0,0,1,0
2023-02-04,Brighton,Bournemouth,1,0,20,12,6,2,7,3,1,0,1,1,1,0,0
2023-02-11,Brighton,Crystal Palace,1,1,17,6,7,1,6,1,2,0,0,0,0,1,0
2023-02-18,Brighton,Fulham,0,1,21,5,7,2,10,2,1,0,1,-1,0,0,1
2023-03-04,Brighton,West Ham,4,0,20,3,9,2,7,3,4,1,1,4,1,0,0
2023-03-11,Brighton,Leeds,2,2,14,12,2,4,7,4,4,1,0,0,0,1,0
2023-03-15,Brighton,Crystal Palace,1,0,11,11,5,3,1,4,1,0,1,1,1,0,0
2023-04-01,Brighton,Brentford,3,3,33,7,15,5,14,0,6,1,1,0,0,1,0
2023-04-04,Brighton,Bournemouth,2,0,16,14,6,3,5,5,2,0,0,2,1,0,0
2023-04-08,Brighton,Tottenham,1,2,17,9,4,3,7,3,3,1,0,-1,0,0,1
2023-04-15,Brighton,Chelsea,2,1,26,8,10,2,8,2,3,1,0,1,1,0,0
2023-04-26,Brighton,Nott'm Forest,1,3,17,12,7,5,7,2,4,1,0,-2,0,0,1
2023-04-29,Brighton,Wolves,6,0,22,10,8,2,2,5,6,1,1,6,1,0,0
2023-05-04,Brighton,Man United,1,0,22,16,6,5,8,6,1,0,1,1,1,0,0
2023-05-08,Brighton,Everton,1,5,23,10,5,5,15,1,6,1,1,-4,0,0,1
2023-05-14,Brighton,Arsenal,3,0,12,14,6,2,2,5,3,1,0,3,1,0,0
2023-05-18,Brighton,Newcastle,1,4,8,22,2,9,1,6,5,1,0,-3,0,0,1
2023-05-21,Brighton,Southampton,3,1,26,5,8,1,4,3,4,1,1,2,1,0,0
2023-05-24,Brighton,Man City,1,1,20,13,7,4,5,1,2,0,1,0,0,1,0
2023-05-28,Brighton,Aston Villa,1,2,8,12,4,5,3,4,3,1,0,-1,0,0,1
2023-08-12,Brighton,Luton,4,1,27,9,12,3,6,7,5,1,1,3,1,0,0
2023-08-19,Brighton,Wolves,4,1,16,16,8,5,3,5,5,1,0,3,1,0,0
2023-08-26,Brighton,West Ham,1,3,25,12,10,3,17,4,4,1,1,-2,0,0,1
2023-09-02,Brighton,Newcastle,3,1,15,9,6,2,5,3,4,1,1,2,1,0,0
2023-09-16,Brighton,Man United,3,1,10,14,8,4,1,8,4,1,0,2,1,0,0
2023-09-24,Brighton,Bournemouth,3,1,13,12,4,4,4,4,4,1,1,2,1,0,0
2023-09-30,Brighton,Aston Villa,1,6,11,19,3,9,3,1,7,1,0,-5,0,0,1
2023-10-08,Brighton,Liverpool,2,2,14,14,3,4,8,1,4,1,1,0,0,1,0
2023-10-21,Brighton,Man City,1,2,5,10,3,6,2,2,3,1,0,-1,0,0,1
2023-10-29,Brighton,Fulham,1,1,18,10,7,5,7,3,2,0,1,0,0,1,0
2023-11-04,Brighton,Everton,1,1,7,10,2,4,3,3,2,0,0,0,0,1,0
2023-11-12,Brighton,Sheffield United,1,1,11,9,6,1,6,3,2,0,1,0,0,1,0
2023-11-25,Brighton,Nott'm Forest,3,2,11,18,5,5,4,6,5,1,0,1,1,0,0
2023-12-03,Brighton,Chelsea,2,3,18,8,9,5,8,5,5,1,0,-1,0,0,1
2023-12-06,Brighton,Brentford,2,1,18,8,7,2,7,3,3,1,1,1,1,0,0
2023-12-09,Brighton,Burnley,1,1,29,6,11,3,9,1,2,0,1,0,0,1,0
2023-12-17,Brighton,Arsenal,0,2,6,26,1,9,1,10,2,0,0,-2,0,0,1
2023-12-21,Brighton,Crystal Palace,1,1,18,11,6,3,1,3,2,0,0,0,0,1,0
2023-12-28,Brighton,Tottenham,4,2,15,19,9,3,7,6,6,1,1,2,1,0,0
2024-01-02,Brighton,West Ham,0,0,22,6,8,2,0,2,0,0,0,0,0,1,0
2024-01-22,Brighton,Wolves,0,0,11,8,4,3,8,2,0,0,1,0,0,1,0
2024-01-30,Brighton,Luton,0,4,9,18,2,8,4,7,4,1,0,-4,0,0,1
2024-02-03,Brighton,Crystal Palace,4,1,13,7,6,5,3,2,5,1,1,3,1,0,0
2024-02-10,Brighton,Tottenham,1,2,6,16,3,6,6,9,3,1,0,-1,0,0,1
2024-02-18,Brighton,Sheffield United,5,0,24,6,10,1,10,5,5,1,0,5,1,0,0
2024-02-24,Brighton,Everton,1,1,23,6,7,3,11,3,2,0,1,0,0,1,0
2024-03-02,Brighton,Fulham,0,3,15,12,5,5,6,2,3,1,0,-3,0,0,1
2024-03-10,Brighton,Nott'm Forest,1,0,10,9,3,4,6,3,1,0,1,1,1,0,0
2024-03-31,Brighton,Liverpool,1,2,9,30,3,8,4,8,3,1,0,-1,0,0,1
2024-04-03,Brighton,Brentford,0,0,24,5,6,2,5,1,0,0,0,0,0,1,0
2024-04-06,Brighton,Arsenal,0,3,10,20,2,7,8,7,3,1,1,-3,0,0,1
2024-04-13,Brighton,Burnley,1,1,20,11,8,3,5,4,2,0,0,0,0,1,0
2024-04-25,Brighton,Man City,0,4,7,14,3,6,4,4,4,1,1,-4,0,0,1
2024-04-28,Brighton,Bournemouth,0,3,13,15,1,6,2,8,3,1,0,-3,0,0,1
2024-05-05,Brighton,Aston Villa,1,0,15,2,8,1,7,3,1,0,1,1,1,0,0
2024-05-11,Brighton,Newcastle,1,1,15,18,4,7,4,8,2,0,0,0,0,1,0
2024-05-15,Brighton,Chelsea,1,2,12,13,2,6,4,6,3,1,1,-1,0,0,1
2024-05-19,Brighton,Man United,0,2,17,11,3,4,7,5,2,0,1,-2,0,0,1
2023-08-11,Burnley,Man City,0,3,6,17,1,8,6,5,3,1,1,-3,0,0,1
2023-08-27,Burnley,Aston Villa,1,3,9,16,2,6,4,6,4,1,1,-2,0,0,1
2023-09-02,Burnley,Tottenham,2,5,16,20,4,10,7,4,7,1,1,-3,0,0,1
2023-09-18,Burnley,Nott'm Forest,1,1,10,14,3,4,4,5,2,0,0,0,0,1,0
2023-09-23,Burnley,Man United,0,1,12,11,4,4,9,5,1,0,1,-1,0,0,1
2023-09-30,Burnley,Newcastle,0,2,8,20,2,8,3,5,2,0,0,-2,0,0,1
2023-10-03,Burnley,Luton,2,1,14,18,4,3,6,7,3,1,0,1,1,0,0
2023-10-07,Burnley,Chelsea,1,4,10,9,3,5,7,3,5,1,1,-3,0,0,1
2023-10-21,Burnley,Brentford,0,3,6,23,1,10,5,5,3,1,0,-3,0,0,1
2023-10-28,Burnley,Bournemouth,1,2,6,13,3,6,5,10,3,1,0,-1,0,0,1
2023-11-04,Burnley,Crystal Palace,0,2,17,4,5,3,12,1,2,0,1,-2,0,0,1
2023-11-11,Burnley,Arsenal,1,3,8,16,5,6,3,3,4,1,0,-2,0,0,1
2023-11-25,Burnley,West Ham,1,2,11,11,5,3,4,5,3,1,1,-1,0,0,1
2023-12-02,Burnley,Sheffield United,5,0,19,6,7,3,6,1,5,1,1,5,1,0,0
2023-12-05,Burnley,Wolves,0,1,12,7,3,4,8,6,1,0,0,-1,0,0,1
2023-12-09,Burnley,Brighton,1,1,6,29,3,11,1,9,2,0,0,0,0,1,0
2023-12-16,Burnley,Everton,0,2,14,9,2,6,8,6,2,0,1,-2,0,0,1
2023-12-23,Burnley,Fulham,2,0,7,19,2,5,6,8,2,0,0,2,1,0,0
2023-12-26,Burnley,Liverpool,0,2,9,19,0,10,4,4,2,0,1,-2,0,0,1
2023-12-30,Burnley,Aston Villa,2,3,9,19,5,7,2,6,5,1,0,-1,0,0,1
2024-01-12,Burnley,Luton,1,1,13,14,7,5,2,8,2,0,1,0,0,1,0
2024-01-31,Burnley,Man City,1,3,8,14,3,4,3,7,4,1,0,-2,0,0,1
2024-02-03,Burnley,Fulham,2,2,12,15,4,7,2,13,4,1,1,0,0,1,0
2024-02-10,Burnley,Liverpool,1,3,9,25,4,10,3,9,4,1,0,-2,0,0,1
2024-02-17,Burnley,Arsenal,0,5,8,16,0,7,4,6,5,1,1,-5,0,0,1
2024-02-24,Burnley,Crystal Palace,0,3,2,15,0,6,3,12,3,1,0,-3,0,0,1
2024-03-03,Burnley,Bournemouth,0,2,20,10,6,3,7,2,2,0,1,-2,0,0,1
2024-03-10,Burnley,West Ham,2,2,11,22,4,4,4,4,4,1,0,0,0,1,0
2024-03-16,Burnley,Brentford,2,1,17,9,6,5,5,4,3,1,1,1,1,0,0
2024-03-30,Burnley,Chelsea,2,2,18,33,7,13,4,12,4,1,0,0,0,1,0
2024-04-02,Burnley,Wolves,1,1,13,8,6,2,7,4,2,0,1,0,0,1,0
2024-04-06,Burnley,Everton,0,1,6,12,1,3,5,3,1,0,0,-1,0,0,1
2024-04-13,Burnley,Brighton,1,1,11,20,3,8,4,5,2,0,1,0,0,1,0
2024-04-20,Burnley,Sheffield United,4,1,16,18,9,11,2,11,5,1,0,3,1,0,0
2024-04-27,Burnley,Man United,1,1,16,27,7,10,5,6,2,0,0,0,0,1,0
2024-05-04,Burnley,Newcastle,1,4,17,23,5,11,4,11,5,1,1,-3,0,0,1
2024-05-11,Burnley,Tottenham,1,2,7,21,3,9,3,9,3,1,0,-1,0,0,1
2024-05-19,Burnley,Nott'm Forest,1,2,20,12,3,6,4,3,3,1,1,-1,0,0,1
2022-08-06,Chelsea,Everton,1,0,15,8,6,4,16,4,1,0,0,1,1,0,0
2022-08-14,Chelsea,Tottenham,2,2,16,10,3,5,8,5,4,1,1,0,0,1,0
2022-08-21,Chelsea,Leeds,0,3,14,12,3,6,6,4,3,1,0,-3,0,0,1
2022-08-27,Chelsea,Leicester,2,1,7,17,3,5,3,11,3,1,1,1,1,0,0
2022-08-30,Chelsea,Southampton,1,2,10,9,4,7,3,5,3,1,0,-1,0,0,1
2022-09-03,Chelsea,West Ham,2,1,8,6,3,3,10,3,3,1,1,1,1,0,0
2022-10-01,Chelsea,Crystal Palace,2,1,13,7,3,3,2,5,3,1,0,1,1,0,0
2022-10-08,Chelsea,Wolves,3,0,20,8,7,2,4,2,3,1,1,3,1,0,0
2022-10-16,Chelsea,Aston Villa,2,0,8,18,4,7,1,7,2,0,0,2,1,0,0
2022-10-19,Chelsea,Brentford,0,0,14,8,5,5,2,6,0,0,0,0,0,1,0
2022-10-22,Chelsea,Man United,1,1,6,13,2,6,6,4,2,0,1,0,0,1,0
2022-10-29,Chelsea,Brighton,1,4,15,19,7,9,7,8,5,1,0,-3,0,0,1
2022-11-06,Chelsea,Arsenal,0,1,5,14,1,2,4,6,1,0,1,-1,0,0,1
2022-11-12,Chelsea,Newcastle,0,1,5,10,2,3,3,5,1,0,0,-1,0,0,1
2022-12-27,Chelsea,Bournemouth,2,0,15,9,5,4,6,8,2,0,1,2,1,0,0
2023-01-01,Chelsea,Nott'm Forest,1,1,7,12,2,5,2,1,2,0,0,0,0,1,0
2023-01-05,Chelsea,Man City,0,1,8,12,2,3,3,2,1,0,1,-1,0,0,1
2023-01-12,Chelsea,Fulham,1,2,20,8,10,3,7,5,3,1,0,-1,0,0,1
2023-01-15,Chelsea,Crystal Palace,1,0,15,10,5,5,11,7,1,0,1,1,1,0,0
2023-01-21,Chelsea,Liverpool,0,0,11,15,2,3,5,5,0,0,0,0,0,1,0
2023-02-03,Chelsea,Fulham,0,0,12,10,3,4,6,2,0,0,1,0,0,1,0
2023-02-11,Chelsea,West Ham,1,1,12,10,4,2,6,5,2,0,0,0,0,1,0
2023-02-18,Chelsea,Southampton,0,1,17,8,5,5,8,2,1,0,1,-1,0,0,1
2023-02-26,Chelsea,Tottenham,0,2,10,8,2,3,4,4,2,0,0,-2,0,0,1
2023-03-04,Chelsea,Leeds,1,0,13,11,3,2,5,7,1,0,1,1,1,0,0
2023-03-11,Chelsea,Leicester,3,1,12,17,6,7,5,2,4,1,0,2,1,0,0
2023-03-18,Chelsea,Everton,2,2,20,12,7,3,8,2,4,1,1,0,0,1,0
2023-04-01,Chelsea,Aston Villa,0,2,27,5,8,2,13,2,2,0,1,-2,0,0,1
2023-04-04,Chelsea,Liverpool,0,0,12,7,3,4,3,5,0,0,1,0,0,1,0
2023-04-08,Chelsea,Wolves,0,1,13,9,1,4,8,8,1,0,0,-1,0,0,1
2023-04-15,Chelsea,Brighton,1,2,8,26,2,10,2,8,3,1,1,-1,0,0,1
2023-04-26,Chelsea,Brentford,0,2,15,7,4,1,5,2,2,0,1,-2,0,0,1
2023-05-02,Chelsea,Arsenal,1,3,7,16,4,10,2,7,4,1,0,-2,0,0,1
2023-05-06,Chelsea,Bournemouth,3,1,11,10,5,4,7,7,4,1,0,2,1,0,0
2023-05-13,Chelsea,Nott'm Forest,2,2,14,11,6,2,2,5,4,1,1,0,0,1,0
2023-05-21,Chelsea,Man City,0,1,13,15,6,2,2,5,1,0,0,-1,0,0,1
2023-05-25,Chelsea,Man United,1,4,14,18,5,9,4,3,5,1,0,-3,0,0,1
2023-05-28,Chelsea,Newcastle,1,1,22,13,5,4,10,3,2,0,1,0,0,1,0
2023-08-13,Chelsea,Liverpool,1,1,10,13,4,1,4,4,2,0,1,0,0,1,0
2023-08-20,Chelsea,West Ham,1,3,17,12,4,6,9,3,4,1,0,-2,0,0,1
2023-08-25,Chelsea,Luton,3,0,19,11,8,1,6,4,3,1,1,3,1,0,0
2023-09-02,Chelsea,Nott'm Forest,0,1,21,7,2,3,8,0,1,0,1,-1,0,0,1
2023-09-17,Chelsea,Bournemouth,0,0,14,13,6,4,7,1,0,0,0,0,0,1,0
2023-09-24,Chelsea,Aston Villa,0,1,10,15,4,7,5,11,1,0,1,-1,0,0,1
2023-10-02,Chelsea,Fulham,2,0,11,10,4,3,1,8,2,0,0,2,1,0,0
2023-10-07,Chelsea,Burnley,4,1,9,10,5,3,3,7,5,1,0,3,1,0,0
2023-10-21,Chelsea,Arsenal,2,2,11,13,5,3,2,7,4,1,1,0,0,1,0
2023-10-28,Chelsea,Brentford,0,2,17,7,2,5,10,1,2,0,1,-2,0,0,1
2023-11-06,Chelsea,Tottenham,4,1,17,8,8,5,6,1,5,1,0,3,1,0,0
2023-11-12,Chelsea,Man City,4,4,17,15,9,10,3,3,8,1,1,0,0,1,0
2023-11-25,Chelsea,Newcastle,1,4,7,14,4,5,2,4,5,1,0,-3,0,0,1
2023-12-03,Chelsea,Brighton,3,2,8,18,5,9,5,8,5,1,1,1,1,0,0
2023-12-06,Chelsea,Man United,1,2,13,28,3,9,4,12,3,1,0,-1,0,0,1
2023-12-10,Chelsea,Everton,0,2,16,9,4,5,8,4,2,0,0,-2,0,0,1
2023-12-16,Chelsea,Sheffield United,2,0,15,6,6,1,7,6,2,0,1,2,1,0,0
2023-12-24,Chelsea,Wolves,1,2,16,14,5,6,6,10,3,1,0,-1,0,0,1
2023-12-27,Chelsea,Crystal Palace,2,1,9,13,4,5,4,3,3,1,1,1,1,0,0
2023-12-30,Chelsea,Luton,3,2,12,15,8,6,2,7,5,1,0,1,1,0,0
2024-01-13,Chelsea,Fulham,1,0,17,14,3,4,6,4,1,0,1,1,1,0,0
2024-01-31,Chelsea,Liverpool,1,4,4,28,3,13,1,8,5,1,0,-3,0,0,1
2024-02-04,Chelsea,Wolves,2,4,15,14,6,7,10,1,6,1,1,-2,0,0,1
2024-02-12,Chelsea,Crystal Palace,3,1,14,13,5,4,7,1,4,1,0,2,1,0,0
2024-02-17,Chelsea,Man City,1,1,9,31,6,5,1,12,2,0,0,0,0,1,0
2024-03-02,Chelsea,Brentford,2,2,17,14,6,5,6,0,4,1,0,0,0,1,0
2024-03-11,Chelsea,Newcastle,3,2,12,11,8,3,0,4,5,1,1,1,1,0,0
2024-03-30,Chelsea,Burnley,2,2,33,18,13,7,12,4,4,1,1,0,0,1,0
2024-04-04,Chelsea,Man United,4,3,28,19,10,5,12,3,7,1,1,1,1,0,0
2024-04-07,Chelsea,Sheffield United,2,2,6,11,3,6,6,7,4,1,0,0,0,1,0
2024-04-15,Chelsea,Everton,6,0,14,10,10,2,4,8,6,1,1,6,1,0,0
2024-04-23,Chelsea,Arsenal,0,5,7,27,1,10,2,4,5,1,0,-5,0,0,1
2024-04-27,Chelsea,Aston Villa,2,2,21,9,5,4,4,2,4,1,0,0,0,1,0
2024-05-02,Chelsea,Tottenham,2,0,16,19,5,3,4,9,2,0,1,2,1,0,0
2024-05-05,Chelsea,West Ham,5,0,25,13,14,2,8,6,5,1,1,5,1,0,0
2024-05-11,Chelsea,Nott'm Forest,3,2,12,20,5,4,6,5,5,1,0,1,1,0,0
2024-05-15,Chelsea,Brighton,2,1,13,12,6,2,6,4,3,1,0,1,1,0,0
2024-05-19,Chelsea,Bournemouth,2,1,16,22,6,5,6,5,3,1,1,1,1,0,0
2022-08-05,Crystal Palace,Arsenal,0,2,10,10,2,2,3,5,2,0,1,-2,0,0,1
2022-08-15,Crystal Palace,Liverpool,1,1,7,24,3,4,2,4,2,0,0,0,0,1,0
2022-08-20,Crystal Palace,Aston Villa,3,1,17,13,9,5,4,2,4,1,1,2,1,0,0
2022-08-27,Crystal Palace,Man City,2,4,2,18,2,5,1,6,6,1,0,-2,0,0,1
2022-08-30,Crystal Palace,Brentford,1,1,13,9,4,3,4,6,2,0,1,0,0,1,0
2022-09-03,Crystal Palace,Newcastle,0,0,19,23,9,6,5,13,0,0,0,0,0,1,0
2022-10-01,Crystal Palace,Chelsea,1,2,7,13,3,3,5,2,3,1,1,-1,0,0,1
2022-10-09,Crystal Palace,Leeds,2,1,13,10,5,4,5,3,3,1,1,1,1,0,0
2022-10-15,Crystal Palace,Leicester,0,0,8,14,1,5,2,9,0,0,0,0,0,1,0
2022-10-18,Crystal Palace,Wolves,2,1,14,10,4,4,4,3,3,1,1,1,1,0,0
2022-10-22,Crystal Palace,Everton,0,3,9,9,2,6,4,3,3,1,0,-3,0,0,1
2022-10-29,Crystal Palace,Southampton,1,0,12,14,3,4,8,4,1,0,1,1,1,0,0
2022-11-06,Crystal Palace,West Ham,2,1,15,5,6,2,5,2,3,1,0,1,1,0,0
2022-11-12,Crystal Palace,Nott'm Forest,0,1,8,9,0,2,5,1,1,0,0,-1,0,0,1
2022-12-26,Crystal Palace,Fulham,0,3,4,23,0,11,1,8,3,1,1,-3,0,0,1
2022-12-31,Crystal Palace,Bournemouth,2,0,15,6,6,2,7,2,2,0,0,2,1,0,0
2023-01-04,Crystal Palace,Tottenham,0,4,19,14,4,6,10,4,4,1,1,-4,0,0,1
2023-01-15,Crystal Palace,Chelsea,0,1,10,15,5,5,7,11,1,0,0,-1,0,0,1
2023-01-18,Crystal Palace,Man United,1,1,10,15,5,4,3,3,2,0,1,0,0,1,0
2023-01-21,Crystal Palace,Newcastle,0,0,6,16,1,7,3,15,0,0,1,0,0,1,0
2023-02-04,Crystal Palace,Man United,1,2,10,14,3,5,5,5,3,1,0,-1,0,0,1
2023-02-11,Crystal Palace,Brighton,1,1,6,17,1,7,1,6,2,0,1,0,0,1,0
2023-02-18,Crystal Palace,Brentford,1,1,10,12,4,5,6,2,2,0,0,0,0,1,0
2023-02-25,Crystal Palace,Liverpool,0,0,6,12,0,4,5,3,0,0,1,0,0,1,0
2023-03-04,Crystal Palace,Aston Villa,0,1,3,8,0,1,4,2,1,0,0,-1,0,0,1
2023-03-11,Crystal Palace,Man City,0,1,4,14,0,4,2,6,1,0,1,-1,0,0,1
2023-03-15,Crystal Palace,Brighton,0,1,11,11,3,5,4,1,1,0,0,-1,0,0,1
2023-03-19,Crystal Palace,Arsenal,1,4,8,15,4,5,4,5,5,1,0,-3,0,0,1
2023-04-01,Crystal Palace,Leicester,2,1,31,3,9,2,10,1,3,1,1,1,1,0,0
2023-04-09,Crystal Palace,Leeds,5,1,16,11,8,7,4,2,6,1,0,4,1,0,0
2023-04-15,Crystal Palace,Southampton,2,0,9,11,2,4,2,6,2,0,0,2,1,0,0
2023-04-22,Crystal Palace,Everton,0,0,12,10,2,5,8,1,0,0,1,0,0,1,0
2023-04-25,Crystal Palace,Wolves,0,2,14,9,4,3,11,6,2,0,0,-2,0,0,1
2023-04-29,Crystal Palace,West Ham,4,3,16,8,6,4,8,5,7,1,1,1,1,0,0
2023-05-06,Crystal Palace,Tottenham,0,1,7,8,2,3,4,8,1,0,0,-1,0,0,1
2023-05-13,Crystal Palace,Bournemouth,2,0,17,5,5,0,11,2,2,0,1,2,1,0,0
2023-05-20,Crystal Palace,Fulham,2,2,11,11,5,4,4,7,4,1,0,0,0,1,0
2023-05-28,Crystal Palace,Nott'm Forest,1,1,16,7,4,4,5,4,2,0,1,0,0,1,0
2023-08-12,Crystal Palace,Sheffield United,1,0,24,8,8,1,5,5,1,0,0,1,1,0,0
2023-08-21,Crystal Palace,Arsenal,0,1,14,14,2,3,1,8,1,0,1,-1,0,0,1
2023-08-26,Crystal Palace,Brentford,1,1,15,12,5,1,6,8,2,0,0,0,0,1,0
2023-09-03,Crystal Palace,Wolves,3,2,16,12,11,4,4,2,5,1,1,1,1,0,0
2023-09-16,Crystal Palace,Aston Villa,1,3,6,16,3,5,2,4,4,1,0,-2,0,0,1
2023-09-23,Crystal Palace,Fulham,0,0,7,10,3,5,3,2,0,0,1,0,0,1,0
2023-09-30,Crystal Palace,Man United,1,0,8,19,2,4,4,10,1,0,0,1,1,0,0
2023-10-07,Crystal Palace,Nott'm Forest,0,0,8,16,2,5,3,7,0,0,1,0,0,1,0
2023-10-21,Crystal Palace,Newcastle,0,4,17,10,3,7,8,6,4,1,0,-4,0,0,1
2023-10-27,Crystal Palace,Tottenham,1,2,13,10,3,1,11,2,3,1,1,-1,0,0,1
2023-11-04,Crystal Palace,Burnley,2,0,4,17,3,5,1,12,2,0,0,2,1,0,0
2023-11-11,Crystal Palace,Everton,2,3,13,8,4,4,9,2,5,1,1,-1,0,0,1
2023-11-25,Crystal Palace,Luton,1,2,16,8,8,3,5,4,3,1,0,-1,0,0,1
2023-12-03,Crystal Palace,West Ham,1,1,9,9,2,3,3,2,2,0,0,0,0,1,0
2023-12-06,Crystal Palace,Bournemouth,0,2,16,11,3,4,3,9,2,0,1,-2,0,0,1
2023-12-09,Crystal Palace,Liverpool,1,2,8,14,4,2,6,5,3,1,1,-1,0,0,1
2023-12-16,Crystal Palace,Man City,2,2,5,19,2,9,1,6,4,1,0,0,0,1,0
2023-12-21,Crystal Palace,Brighton,1,1,11,18,3,6,3,1,2,0,1,0,0,1,0
2023-12-27,Crystal Palace,Chelsea,1,2,13,9,5,4,3,4,3,1,0,-1,0,0,1
2023-12-30,Crystal Palace,Brentford,3,1,13,9,6,4,7,4,4,1,1,2,1,0,0
2024-01-20,Crystal Palace,Arsenal,0,5,12,21,5,6,7,6,5,1,0,-5,0,0,1
2024-01-30,Crystal Palace,Sheffield United,3,2,12,9,4,5,11,1,5,1,1,1,1,0,0
2024-02-03,Crystal Palace,Brighton,1,4,7,13,5,6,2,3,5,1,0,-3,0,0,1
2024-02-12,Crystal Palace,Chelsea,1,3,13,14,4,5,1,7,4,1,1,-2,0,0,1
2024-02-19,Crystal Palace,Everton,1,1,10,19,4,4,6,3,2,0,0,0,0,1,0
2024-02-24,Crystal Palace,Burnley,3,0,15,2,6,0,12,3,3,1,1,3,1,0,0
2024-03-02,Crystal Palace,Tottenham,1,3,4,14,1,6,1,11,4,1,0,-2,0,0,1
2024-03-09,Crystal Palace,Luton,1,1,21,8,4,2,8,6,2,0,1,0,0,1,0
2024-03-30,Crystal Palace,Nott'm Forest,1,1,10,12,3,5,6,4,2,0,0,0,0,1,0
2024-04-02,Crystal Palace,Bournemouth,0,1,3,11,2,6,2,9,1,0,0,-1,0,0,1
2024-04-06,Crystal Palace,Man City,2,4,7,18,4,8,2,9,6,1,1,-2,0,0,1
2024-04-14,Crystal Palace,Liverpool,1,0,8,21,5,6,1,11,1,0,0,1,1,0,0
2024-04-21,Crystal Palace,West Ham,5,2,18,4,7,1,4,0,7,1,1,3,1,0,0
2024-04-24,Crystal Palace,Newcastle,2,0,20,7,7,2,7,2,2,0,1,2,1,0,0
2024-04-27,Crystal Palace,Fulham,1,1,14,9,4,2,9,5,2,0,0,0,0,1,0
2024-05-06,Crystal Palace,Man United,4,0,18,7,10,2,6,3,4,1,1,4,1,0,0
2024-05-11,Crystal Palace,Wolves,3,1,13,13,3,7,3,8,4,1,0,2,1,0,0
2024-05-19,Crystal Palace,Aston Villa,5,0,15,8,9,2,2,4,5,1,1,5,1,0,0
2022-08-06,Everton,Chelsea,0,1,8,15,4,6,4,16,1,0,1,-1,0,0,1
2022-08-13,Everton,Aston Villa,1,2,15,12,4,4,8,5,3,1,0,-1,0,0,1
2022-08-20,Everton,Nott'm Forest,1,1,19,14,8,5,6,2,2,0,1,0,0,1,0
2022-08-27,Everton,Brentford,1,1,14,19,7,5,5,8,2,0,0,0,0,1,0
2022-08-30,Everton,Leeds,1,1,7,14,2,5,2,10,2,0,0,0,0,1,0
2022-09-03,Everton,Liverpool,0,0,14,23,3,8,7,9,0,0,1,0,0,1,0
2022-09-18,Everton,West Ham,1,0,7,14,2,4,5,14,1,0,1,1,1,0,0
2022-10-01,Everton,Southampton,2,1,12,22,5,6,6,7,3,1,0,1,1,0,0
2022-10-09,Everton,Man United,1,2,11,12,2,4,5,4,3,1,1,-1,0,0,1
2022-10-15,Everton,Tottenham,0,2,4,21,0,7,1,7,2,0,0,-2,0,0,1
2022-10-19,Everton,Newcastle,0,1,1,16,0,4,2,8,1,0,0,-1,0,0,1
2022-10-22,Everton,Crystal Palace,3,0,9,9,6,2,3,4,3,1,1,3,1,0,0
2022-10-29,Everton,Fulham,0,0,9,24,4,6,4,13,0,0,0,0,0,1,0
2022-11-05,Everton,Leicester,0,2,12,22,2,8,8,3,2,0,1,-2,0,0,1
2022-11-12,Everton,Bournemouth,0,3,15,16,3,9,5,3,3,1,0,-3,0,0,1
2022-12-26,Everton,Wolves,1,2,12,7,6,4,2,2,3,1,1,-1,0,0,1
2022-12-31,Everton,Man City,1,1,2,16,1,3,1,7,2,0,0,0,0,1,0
2023-01-03,Everton,Brighton,1,4,10,19,4,8,5,2,5,1,1,-3,0,0,1
2023-01-14,Everton,Southampton,1,2,12,13,4,5,6,4,3,1,1,-1,0,0,1
2023-01-21,Everton,West Ham,0,2,5,11,2,4,9,4,2,0,0,-2,0,0,1
2023-02-04,Everton,Arsenal,1,0,12,15,4,3,7,5,1,0,1,1,1,0,0
2023-02-13,Everton,Liverpool,0,2,6,15,1,6,3,3,2,0,0,-2,0,0,1
2023-02-18,Everton,Leeds,1,0,15,8,6,0,6,4,1,0,1,1,1,0,0
2023-02-25,Everton,Aston Villa,0,2,15,9,5,5,5,1,2,0,1,-2,0,0,1
2023-03-01,Everton,Arsenal,0,4,8,15,5,5,1,5,4,1,0,-4,0,0,1
2023-03-05,Everton,Nott'm Forest,2,2,10,10,3,4,3,3,4,1,0,0,0,1,0
2023-03-11,Everton,Brentford,1,0,13,12,6,4,5,8,1,0,1,1,1,0,0
2023-03-18,Everton,Chelsea,2,2,12,20,3,7,2,8,4,1,0,0,0,1,0
2023-04-03,Everton,Tottenham,1,1,15,8,6,2,3,3,2,0,1,0,0,1,0
2023-04-08,Everton,Man United,0,2,15,29,1,11,4,10,2,0,0,-2,0,0,1
2023-04-15,Everton,Fulham,1,3,15,21,7,7,4,8,4,1,1,-2,0,0,1
2023-04-22,Everton,Crystal Palace,0,0,10,12,5,2,1,8,0,0,0,0,0,1,0
2023-04-27,Everton,Newcastle,1,4,13,15,5,8,3,14,5,1,1,-3,0,0,1
2023-05-01,Everton,Leicester,2,2,23,15,8,6,9,2,4,1,0,0,0,1,0
2023-05-08,Everton,Brighton,5,1,10,23,5,5,1,15,6,1,0,4,1,0,0
2023-05-14,Everton,Man City,0,3,7,9,3,4,8,6,3,1,1,-3,0,0,1
2023-05-20,Everton,Wolves,1,1,19,13,4,5,7,1,2,0,0,0,0,1,0
2023-05-28,Everton,Bournemouth,1,0,13,7,6,2,9,3,1,0,1,1,1,0,0
2023-08-12,Everton,Fulham,0,1,19,9,9,2,10,4,1,0,1,-1,0,0,1
2023-08-20,Everton,Aston Villa,0,4,9,13,2,7,6,7,4,1,0,-4,0,0,1
2023-08-26,Everton,Wolves,0,1,15,11,7,2,7,0,1,0,1,-1,0,0,1
2023-09-02,Everton,Sheffield United,2,2,16,13,6,8,6,4,4,1,0,0,0,1,0
2023-09-17,Everton,Arsenal,0,1,8,13,1,4,1,11,1,0,1,-1,0,0,1
2023-09-23,Everton,Brentford,3,1,18,12,6,2,4,1,4,1,0,2,1,0,0
2023-09-30,Everton,Luton,1,2,23,9,5,2,3,6,3,1,1,-1,0,0,1
2023-10-07,Everton,Bournemouth,3,0,25,11,8,4,8,7,3,1,1,3,1,0,0
2023-10-21,Everton,Liverpool,0,2,6,26,1,6,4,12,2,0,0,-2,0,0,1
2023-10-29,Everton,West Ham,1,0,10,12,4,2,3,4,1,0,0,1,1,0,0
2023-11-04,Everton,Brighton,1,1,10,7,4,2,3,3,2,0,1,0,0,1,0
2023-11-11,Everton,Crystal Palace,3,2,8,13,4,4,2,9,5,1,0,1,1,0,0
2023-11-26,Everton,Man United,0,3,24,9,6,4,6,5,3,1,1,-3,0,0,1
2023-12-02,Everton,Nott'm Forest,1,0,12,13,3,2,3,4,1,0,0,1,1,0,0
2023-12-07,Everton,Newcastle,3,0,21,13,6,3,5,2,3,1,1,3,1,0,0
2023-12-10,Everton,Chelsea,2,0,9,16,5,4,4,8,2,0,1,2,1,0,0
2023-12-16,Everton,Burnley,2,0,9,14,6,2,6,8,2,0,0,2,1,0,0
2023-12-23,Everton,Tottenham,1,2,18,13,8,6,8,3,3,1,0,-1,0,0,1
2023-12-27,Everton,Man City,1,3,7,23,2,9,8,4,4,1,1,-2,0,0,1
2023-12-30,Everton,Wolves,0,3,10,12,0,6,2,5,3,1,0,-3,0,0,1
2024-01-14,Everton,Aston Villa,0,0,10,16,2,5,4,5,0,0,1,0,0,1,0
2024-01-30,Everton,Fulham,0,0,21,25,4,6,6,15,0,0,0,0,0,1,0
2024-02-03,Everton,Tottenham,2,2,14,9,5,6,9,5,4,1,1,0,0,1,0
2024-02-10,Everton,Man City,0,2,5,19,1,3,0,9,2,0,0,-2,0,0,1
2024-02-19,Everton,Crystal Palace,1,1,19,10,4,4,3,6,2,0,1,0,0,1,0
2024-02-24,Everton,Brighton,1,1,6,23,3,7,3,11,2,0,0,0,0,1,0
2024-03-02,Everton,West Ham,1,3,22,12,11,5,4,5,4,1,1,-2,0,0,1
2024-03-09,Everton,Man United,0,2,23,15,6,8,8,5,2,0,0,-2,0,0,1
2024-03-30,Everton,Bournemouth,1,2,7,11,3,4,8,9,3,1,0,-1,0,0,1
2024-04-02,Everton,Newcastle,1,1,10,18,3,6,3,7,2,0,0,0,0,1,0
2024-04-06,Everton,Burnley,1,0,12,6,3,1,3,5,1,0,1,1,1,0,0
2024-04-15,Everton,Chelsea,0,6,10,14,2,10,8,4,6,1,0,-6,0,0,1
2024-04-21,Everton,Nott'm Forest,2,0,7,8,4,3,6,4,2,0,1,2,1,0,0
2024-04-24,Everton,Liverpool,2,0,16,23,6,7,4,13,2,0,1,2,1,0,0
2024-04-27,Everton,Brentford,1,0,18,10,1,4,6,6,1,0,1,1,1,0,0
2024-05-03,Everton,Luton,1,1,10,18,3,5,7,8,2,0,0,0,0,1,0
2024-05-11,Everton,Sheffield United,1,0,15,13,6,1,3,6,1,0,1,1,1,0,0
2024-05-19,Everton,Arsenal,1,2,5,26,2,5,1,8,3,1,0,-1,0,0,1
2022-08-06,Fulham,Liverpool,2,2,9,11,3,4,4,4,4,1,1,0,0,1,0
2022-08-13,Fulham,Wolves,0,0,9,7,3,1,3,5,0,0,0,0,0,1,0
2022-08-20,Fulham,Brentford,3,2,18,13,9,5,6,3,5,1,1,1,1,0,0
2022-08-27,Fulham,Arsenal,1,2,11,22,3,8,2,9,3,1,0,-1,0,0,1
2022-08-30,Fulham,Brighton,2,1,10,7,3,4,3,3,3,1,1,1,1,0,0
2022-09-03,Fulham,Tottenham,1,2,9,23,3,10,3,10,3,1,0,-1,0,0,1
2022-09-16,Fulham,Nott'm Forest,3,2,15,11,7,3,10,2,5,1,0,1,1,0,0
2022-10-01,Fulham,Newcastle,1,4,3,19,1,10,1,8,5,1,1,-3,0,0,1
2022-10-09,Fulham,West Ham,1,3,8,17,2,8,2,4,4,1,0,-2,0,0,1
2022-10-15,Fulham,Bournemouth,2,2,19,10,4,6,5,6,4,1,1,0,0,1,0
2022-10-20,Fulham,Aston Villa,3,0,18,12,8,6,9,7,3,1,1,3,1,0,0
2022-10-23,Fulham,Leeds,3,2,11,14,5,5,6,3,5,1,0,1,1,0,0
2022-10-29,Fulham,Everton,0,0,24,9,6,4,13,4,0,0,1,0,0,1,0
2022-11-05,Fulham,Man City,1,2,4,16,2,5,0,9,3,1,0,-1,0,0,1
2022-11-13,Fulham,Man United,1,2,14,14,7,9,10,3,3,1,1,-1,0,0,1
2022-12-26,Fulham,Crystal Palace,3,0,23,4,11,0,8,1,3,1,0,3,1,0,0
2022-12-31,Fulham,Southampton,2,1,8,9,2,3,4,4,3,1,1,1,1,0,0
2023-01-03,Fulham,Leicester,1,0,11,15,2,6,3,6,1,0,0,1,1,0,0
2023-01-12,Fulham,Chelsea,2,1,8,20,3,10,5,7,3,1,1,1,1,0,0
2023-01-15,Fulham,Newcastle,0,1,5,20,0,5,5,10,1,0,0,-1,0,0,1
2023-01-23,Fulham,Tottenham,0,1,10,10,5,3,3,8,1,0,1,-1,0,0,1
2023-02-03,Fulham,Chelsea,0,0,10,12,4,3,2,6,0,0,0,0,0,1,0
2023-02-11,Fulham,Nott'm Forest,2,0,16,10,3,1,5,4,2,0,1,2,1,0,0
2023-02-18,Fulham,Brighton,1,0,5,21,2,7,2,10,1,0,0,1,1,0,0
2023-02-24,Fulham,Wolves,1,1,10,8,5,2,4,3,2,0,1,0,0,1,0
2023-03-06,Fulham,Brentford,2,3,9,14,5,6,3,2,5,1,0,-1,0,0,1
2023-03-12,Fulham,Arsenal,0,3,12,15,2,7,4,8,3,1,1,-3,0,0,1
2023-04-01,Fulham,Bournemouth,1,2,10,12,2,7,3,4,3,1,0,-1,0,0,1
2023-04-08,Fulham,West Ham,0,1,16,9,3,5,11,4,1,0,1,-1,0,0,1
2023-04-15,Fulham,Everton,3,1,21,15,7,7,8,4,4,1,0,2,1,0,0
2023-04-22,Fulham,Leeds,2,1,12,10,5,2,8,6,3,1,1,1,1,0,0
2023-04-25,Fulham,Aston Villa,0,1,1,14,0,3,2,8,1,0,0,-1,0,0,1
2023-04-30,Fulham,Man City,1,2,4,12,1,9,2,5,3,1,1,-1,0,0,1
2023-05-03,Fulham,Liverpool,0,1,9,15,3,3,5,7,1,0,0,-1,0,0,1
2023-05-08,Fulham,Leicester,5,3,17,18,7,9,2,7,8,1,1,2,1,0,0
2023-05-13,Fulham,Southampton,2,0,9,5,4,1,8,1,2,0,0,2,1,0,0
2023-05-20,Fulham,Crystal Palace,2,2,11,11,4,5,7,4,4,1,1,0,0,1,0
2023-05-28,Fulham,Man United,1,2,10,21,3,8,4,5,3,1,0,-1,0,0,1
2023-08-12,Fulham,Everton,1,0,9,19,2,9,4,10,1,0,0,1,1,0,0
2023-08-19,Fulham,Brentford,0,3,10,17,2,8,5,5,3,1,1,-3,0,0,1
2023-08-26,Fulham,Arsenal,2,2,8,19,3,11,3,8,4,1,0,0,0,1,0
2023-09-02,Fulham,Man City,1,5,6,7,4,5,5,4,6,1,0,-4,0,0,1
2023-09-16,Fulham,Luton,1,0,13,7,2,2,6,2,1,0,1,1,1,0,0
2023-09-23,Fulham,Crystal Palace,0,0,10,7,5,3,2,3,0,0,0,0,0,1,0
2023-10-02,Fulham,Chelsea,0,2,10,11,3,4,8,1,2,0,1,-2,0,0,1
2023-10-07,Fulham,Sheffield United,3,1,20,5,6,2,9,4,4,1,1,2,1,0,0
2023-10-23,Fulham,Tottenham,0,2,10,15,3,5,5,3,2,0,0,-2,0,0,1
2023-10-29,Fulham,Brighton,1,1,10,18,5,7,3,7,2,0,0,0,0,1,0
2023-11-04,Fulham,Man United,0,1,18,12,3,5,9,4,1,0,1,-1,0,0,1
2023-11-12,Fulham,Aston Villa,1,3,9,12,5,6,2,2,4,1,0,-2,0,0,1
2023-11-27,Fulham,Wolves,3,2,12,10,6,6,6,2,5,1,1,1,1,0,0
2023-12-03,Fulham,Liverpool,3,4,9,26,5,12,4,3,7,1,0,-1,0,0,1
2023-12-06,Fulham,Nott'm Forest,5,0,14,4,6,1,6,1,5,1,1,5,1,0,0
2023-12-10,Fulham,West Ham,5,0,14,9,8,5,3,6,5,1,1,5,1,0,0
2023-12-16,Fulham,Newcastle,0,3,6,27,4,10,1,5,3,1,0,-3,0,0,1
2023-12-23,Fulham,Burnley,0,2,19,7,5,2,8,6,2,0,1,-2,0,0,1
2023-12-26,Fulham,Bournemouth,0,3,8,16,3,4,5,6,3,1,0,-3,0,0,1
2023-12-31,Fulham,Arsenal,2,1,15,13,4,3,5,4,3,1,1,1,1,0,0
2024-01-13,Fulham,Chelsea,0,1,14,17,4,3,4,6,1,0,0,-1,0,0,1
2024-01-30,Fulham,Everton,0,0,25,21,6,4,15,6,0,0,1,0,0,1,0
2024-02-03,Fulham,Burnley,2,2,15,12,7,4,13,2,4,1,0,0,0,1,0
2024-02-10,Fulham,Bournemouth,3,1,7,25,6,4,1,14,4,1,1,2,1,0,0
2024-02-17,Fulham,Aston Villa,1,2,15,12,4,3,4,4,3,1,1,-1,0,0,1
2024-02-24,Fulham,Man United,2,1,17,21,5,9,9,10,3,1,0,1,1,0,0
2024-03-02,Fulham,Brighton,3,0,12,15,5,5,2,6,3,1,1,3,1,0,0
2024-03-09,Fulham,Wolves,1,2,23,8,6,3,4,3,3,1,0,-1,0,0,1
2024-03-16,Fulham,Tottenham,3,0,16,14,7,5,4,5,3,1,1,3,1,0,0
2024-03-30,Fulham,Sheffield United,3,3,24,8,9,4,15,2,6,1,0,0,0,1,0
2024-04-02,Fulham,Nott'm Forest,1,3,18,16,3,4,8,3,4,1,0,-2,0,0,1
2024-04-06,Fulham,Newcastle,0,1,14,12,4,5,14,3,1,0,1,-1,0,0,1
2024-04-14,Fulham,West Ham,2,0,18,15,10,4,3,8,2,0,0,2,1,0,0
2024-04-21,Fulham,Liverpool,1,3,12,14,5,7,1,4,4,1,1,-2,0,0,1
2024-04-27,Fulham,Crystal Palace,1,1,9,14,2,4,5,9,2,0,1,0,0,1,0
2024-05-04,Fulham,Brentford,0,0,15,7,3,3,6,7,0,0,0,0,0,1,0
2024-05-11,Fulham,Man City,0,4,1,16,1,9,1,7,4,1,1,-4,0,0,1
2024-05-19,Fulham,Luton,4,2,15,15,7,6,4,4,6,1,0,2,1,0,0
2022-08-06,Leeds,Wolves,2,1,12,15,4,6,6,4,3,1,1,1,1,0,0
2022-08-13,Leeds,Southampton,2,2,13,14,5,4,5,2,4,1,0,0,0,1,0
2022-08-21,Leeds,Chelsea,3,0,12,14,6,3,4,6,3,1,1,3,1,0,0
2022-08-27,Leeds,Brighton,0,1,10,13,2,4,3,5,1,0,0,-1,0,0,1
2022-08-30,Leeds,Everton,1,1,14,7,5,2,10,2,2,0,1,0,0,1,0
2022-09-03,Leeds,Brentford,2,5,17,14,6,8,6,2,7,1,0,-3,0,0,1
2022-10-02,Leeds,Aston Villa,0,0,9,19,1,7,2,9,0,0,1,0,0,1,0
2022-10-09,Leeds,Crystal Palace,1,2,10,13,4,5,3,5,3,1,0,-1,0,0,1
2022-10-16,Leeds,Arsenal,0,1,16,9,4,4,6,3,1,0,1,-1,0,0,1
2022-10-20,Leeds,Leicester,0,2,14,5,2,1,9,2,2,0,0,-2,0,0,1
2022-10-23,Leeds,Fulham,2,3,14,11,5,5,3,6,5,1,1,-1,0,0,1
2022-10-29,Leeds,Liverpool,2,1,14,22,6,10,5,14,3,1,0,1,1,0,0
2022-11-05,Leeds,Bournemouth,4,3,18,9,4,6,13,3,7,1,1,1,1,0,0
2022-11-12,Leeds,Tottenham,3,4,12,14,5,8,2,9,7,1,0,-1,0,0,1
2022-12-28,Leeds,Man City,1,3,9,26,1,9,3,5,4,1,1,-2,0,0,1
2022-12-31,Leeds,Newcastle,0,0,8,16,1,5,3,9,0,0,0,0,0,1,0
2023-01-04,Leeds,West Ham,2,2,14,15,6,2,8,1,4,1,1,0,0,1,0
2023-01-13,Leeds,Aston Villa,1,2,16,11,4,5,11,0,3,1,0,-1,0,0,1
2023-01-22,Leeds,Brentford,0,0,9,6,5,0,2,3,0,0,1,0,0,1,0
2023-02-05,Leeds,Nott'm Forest,0,1,10,6,4,2,2,0,1,0,0,-1,0,0,1
2023-02-08,Leeds,Man United,2,2,8,24,2,7,5,6,4,1,0,0,0,1,0
2023-02-12,Leeds,Man United,0,2,16,11,6,5,7,3,2,0,1,-2,0,0,1
2023-02-18,Leeds,Everton,0,1,8,15,0,6,4,6,1,0,0,-1,0,0,1
2023-02-25,Leeds,Southampton,1,0,14,8,4,2,9,2,1,0,1,1,1,0,0
2023-03-04,Leeds,Chelsea,0,1,11,13,2,3,7,5,1,0,0,-1,0,0,1
2023-03-11,Leeds,Brighton,2,2,12,14,4,2,4,7,4,1,1,0,0,1,0
2023-03-18,Leeds,Wolves,4,2,11,23,4,8,4,5,6,1,0,2,1,0,0
2023-04-01,Leeds,Arsenal,1,4,7,13,5,6,3,4,5,1,0,-3,0,0,1
2023-04-04,Leeds,Nott'm Forest,2,1,21,13,6,1,11,4,3,1,1,1,1,0,0
2023-04-09,Leeds,Crystal Palace,1,5,11,16,7,8,2,4,6,1,1,-4,0,0,1
2023-04-17,Leeds,Liverpool,1,6,13,13,3,7,4,2,7,1,1,-5,0,0,1
2023-04-22,Leeds,Fulham,1,2,10,12,2,5,6,8,3,1,0,-1,0,0,1
2023-04-25,Leeds,Leicester,1,1,13,15,3,3,3,6,2,0,1,0,0,1,0
2023-04-30,Leeds,Bournemouth,1,4,15,12,6,7,6,2,5,1,0,-3,0,0,1
2023-05-06,Leeds,Man City,1,2,4,18,2,6,1,10,3,1,0,-1,0,0,1
2023-05-13,Leeds,Newcastle,2,2,9,18,4,5,2,6,4,1,1,0,0,1,0
2023-05-21,Leeds,West Ham,1,3,12,19,3,9,5,9,4,1,0,-2,0,0,1
2023-05-28,Leeds,Tottenham,1,4,19,11,2,7,12,3,5,1,1,-3,0,0,1
2022-08-07,Leicester,Brentford,2,2,14,8,5,3,5,6,4,1,1,0,0,1,0
2022-08-13,Leicester,Arsenal,2,4,6,19,2,7,2,6,6,1,0,-2,0,0,1
2022-08-20,Leicester,Southampton,1,2,6,9,1,3,2,5,3,1,1,-1,0,0,1
2022-08-27,Leicester,Chelsea,1,2,17,7,5,3,11,3,3,1,0,-1,0,0,1
2022-09-01,Leicester,Man United,0,1,10,9,2,2,1,3,1,0,1,-1,0,0,1
2022-09-04,Leicester,Brighton,2,5,6,23,4,11,1,10,7,1,0,-3,0,0,1
2022-09-17,Leicester,Tottenham,2,6,19,16,7,11,1,6,8,1,0,-4,0,0,1
2022-10-03,Leicester,Nott'm Forest,4,0,17,10,7,3,6,6,4,1,1,4,1,0,0
2022-10-08,Leicester,Bournemouth,1,2,9,10,5,4,2,7,3,1,0,-1,0,0,1
2022-10-15,Leicester,Crystal Palace,0,0,14,8,5,1,9,2,0,0,1,0,0,1,0
2022-10-20,Leicester,Leeds,2,0,5,14,1,2,2,9,2,0,1,2,1,0,0
2022-10-23,Leicester,Wolves,4,0,5,21,4,5,2,9,4,1,0,4,1,0,0
2022-10-29,Leicester,Man City,0,1,10,15,5,5,3,10,1,0,1,-1,0,0,1
2022-11-05,Leicester,Everton,2,0,22,12,8,2,3,8,2,0,0,2,1,0,0
2022-11-12,Leicester,West Ham,2,0,9,18,6,6,2,7,2,0,0,2,1,0,0
2022-12-26,Leicester,Newcastle,0,3,8,12,2,5,5,5,3,1,1,-3,0,0,1
2022-12-30,Leicester,Liverpool,1,2,7,21,2,5,5,4,3,1,0,-1,0,0,1
2023-01-03,Leicester,Fulham,0,1,15,11,6,2,6,3,1,0,1,-1,0,0,1
2023-01-14,Leicester,Nott'm Forest,0,2,6,15,1,5,5,3,2,0,0,-2,0,0,1
2023-01-21,Leicester,Brighton,2,2,9,13,2,4,5,6,4,1,1,0,0,1,0
2023-02-04,Leicester,Aston Villa,4,2,9,19,5,4,3,11,6,1,0,2,1,0,0
2023-02-11,Leicester,Tottenham,4,1,15,11,7,4,1,5,5,1,1,3,1,0,0
2023-02-19,Leicester,Man United,0,3,19,26,3,8,6,6,3,1,0,-3,0,0,1
2023-02-25,Leicester,Arsenal,0,1,1,10,0,2,0,8,1,0,1,-1,0,0,1
2023-03-04,Leicester,Southampton,0,1,11,11,0,5,4,3,1,0,0,-1,0,0,1
2023-03-11,Leicester,Chelsea,1,3,17,12,7,6,2,5,4,1,1,-2,0,0,1
2023-03-18,Leicester,Brentford,1,1,14,11,1,2,4,8,2,0,0,0,0,1,0
2023-04-01,Leicester,Crystal Palace,1,2,3,31,2,9,1,10,3,1,0,-1,0,0,1
2023-04-04,Leicester,Aston Villa,1,2,9,15,4,5,4,8,3,1,1,-1,0,0,1
2023-04-08,Leicester,Bournemouth,0,1,14,19,4,7,6,6,1,0,1,-1,0,0,1
2023-04-15,Leicester,Man City,1,3,10,12,4,4,2,6,4,1,0,-2,0,0,1
2023-04-22,Leicester,Wolves,2,1,15,16,8,3,1,7,3,1,1,1,1,0,0
2023-04-25,Leicester,Leeds,1,1,15,13,3,3,6,3,2,0,0,0,0,1,0
2023-05-01,Leicester,Everton,2,2,15,23,6,8,2,9,4,1,1,0,0,1,0
2023-05-08,Leicester,Fulham,3,5,18,17,9,7,7,2,8,1,0,-2,0,0,1
2023-05-15,Leicester,Liverpool,0,3,4,16,4,5,4,4,3,1,1,-3,0,0,1
2023-05-22,Leicester,Newcastle,0,0,1,23,1,4,1,12,0,0,0,0,0,1,0
2023-05-28,Leicester,West Ham,2,1,13,16,4,3,3,5,3,1,1,1,1,0,0
2022-08-06,Liverpool,Fulham,2,2,11,9,4,3,4,4,4,1,0,0,0,1,0
2022-08-15,Liverpool,Crystal Palace,1,1,24,7,4,3,4,2,2,0,1,0,0,1,0
2022-08-22,Liverpool,Man United,1,2,17,12,5,4,8,6,3,1,0,-1,0,0,1
2022-08-27,Liverpool,Bournemouth,9,0,19,5,12,2,8,1,9,1,1,9,1,0,0
2022-08-31,Liverpool,Newcastle,2,1,23,5,6,2,13,0,3,1,1,1,1,0,0
2022-09-03,Liverpool,Everton,0,0,23,14,8,3,9,7,0,0,0,0,0,1,0
2022-10-01,Liverpool,Brighton,3,3,15,6,7,6,9,2,6,1,1,0,0,1,0
2022-10-09,Liverpool,Arsenal,2,3,8,11,3,7,3,4,5,1,0,-1,0,0,1
2022-10-16,Liverpool,Man City,1,0,13,16,2,6,5,6,1,0,1,1,1,0,0
2022-10-19,Liverpool,West Ham,1,0,22,8,7,3,8,3,1,0,1,1,1,0,0
2022-10-22,Liverpool,Nott'm Forest,0,1,15,10,7,7,11,2,1,0,0,-1,0,0,1
2022-10-29,Liverpool,Leeds,1,2,22,14,10,6,14,5,3,1,1,-1,0,0,1
2022-11-06,Liverpool,Tottenham,2,1,13,14,6,5,3,5,3,1,0,1,1,0,0
2022-11-12,Liverpool,Southampton,3,1,15,9,7,5,6,0,4,1,1,2,1,0,0
2022-12-26,Liverpool,Aston Villa,3,1,16,12,9,6,6,0,4,1,0,2,1,0,0
2022-12-30,Liverpool,Leicester,2,1,21,7,5,2,4,5,3,1,1,1,1,0,0
2023-01-02,Liverpool,Brentford,1,3,16,10,6,7,9,4,4,1,0,-2,0,0,1
2023-01-14,Liverpool,Brighton,0,3,6,16,2,9,1,7,3,1,0,-3,0,0,1
2023-01-21,Liverpool,Chelsea,0,0,15,11,3,2,5,5,0,0,1,0,0,1,0
2023-02-04,Liverpool,Wolves,0,3,22,12,4,6,7,2,3,1,0,-3,0,0,1
2023-02-13,Liverpool,Everton,2,0,15,6,6,1,3,3,2,0,1,2,1,0,0
2023-02-18,Liverpool,Newcastle,2,0,13,14,7,4,7,6,2,0,0,2,1,0,0
2023-02-25,Liverpool,Crystal Palace,0,0,12,6,4,0,3,5,0,0,0,0,0,1,0
2023-03-01,Liverpool,Wolves,2,0,15,4,6,1,5,2,2,0,1,2,1,0,0
2023-03-05,Liverpool,Man United,7,0,18,8,8,4,4,3,7,1,1,7,1,0,0
2023-03-11,Liverpool,Bournemouth,0,1,15,5,6,2,8,3,1,0,0,-1,0,0,1
2023-04-01,Liverpool,Man City,1,4,4,17,1,8,1,7,5,1,0,-3,0,0,1
2023-04-04,Liverpool,Chelsea,0,0,7,12,4,3,5,3,0,0,0,0,0,1,0
2023-04-09,Liverpool,Arsenal,2,2,21,9,6,5,5,4,4,1,1,0,0,1,0
2023-04-17,Liverpool,Leeds,6,1,13,13,7,3,2,4,7,1,0,5,1,0,0
2023-04-22,Liverpool,Nott'm Forest,3,2,18,11,6,5,9,3,5,1,1,1,1,0,0
2023-04-26,Liverpool,West Ham,2,1,20,7,4,2,6,3,3,1,0,1,1,0,0
2023-04-30,Liverpool,Tottenham,4,3,12,10,4,7,5,2,7,1,1,1,1,0,0
2023-05-03,Liverpool,Fulham,1,0,15,9,3,3,7,5,1,0,1,1,1,0,0
2023-05-06,Liverpool,Brentford,1,0,15,5,5,1,7,3,1,0,1,1,1,0,0
2023-05-15,Liverpool,Leicester,3,0,16,4,5,4,4,4,3,1,0,3,1,0,0
2023-05-20,Liverpool,Aston Villa,1,1,10,6,5,3,9,4,2,0,1,0,0,1,0
2023-05-28,Liverpool,Southampton,4,4,30,15,8,10,9,2,8,1,0,0,0,1,0
2023-08-13,Liverpool,Chelsea,1,1,13,10,1,4,4,4,2,0,0,0,0,1,0
2023-08-19,Liverpool,Bournemouth,3,1,26,13,10,5,10,2,4,1,1,2,1,0,0
2023-08-27,Liverpool,Newcastle,2,1,9,23,4,8,9,5,3,1,0,1,1,0,0
2023-09-03,Liverpool,Aston Villa,3,0,17,9,4,3,7,3,3,1,1,3,1,0,0
2023-09-16,Liverpool,Wolves,3,1,16,11,6,2,4,4,4,1,0,2,1,0,0
2023-09-24,Liverpool,West Ham,3,1,22,11,7,4,7,4,4,1,1,2,1,0,0
2023-09-30,Liverpool,Tottenham,1,2,12,24,4,8,5,12,3,1,0,-1,0,0,1
2023-10-08,Liverpool,Brighton,2,2,14,14,4,3,1,8,4,1,0,0,0,1,0
2023-10-21,Liverpool,Everton,2,0,26,6,6,1,12,4,2,0,1,2,1,0,0
2023-10-29,Liverpool,Nott'm Forest,3,0,21,9,8,1,8,3,3,1,1,3,1,0,0
2023-11-05,Liverpool,Luton,1,1,24,8,6,5,7,4,2,0,0,0,0,1,0
2023-11-12,Liverpool,Brentford,3,0,17,16,10,3,6,8,3,1,1,3,1,0,0
2023-11-25,Liverpool,Man City,1,1,8,16,3,5,6,9,2,0,0,0,0,1,0
2023-12-03,Liverpool,Fulham,4,3,26,9,12,5,3,4,7,1,1,1,1,0,0
2023-12-06,Liverpool,Sheffield United,2,0,15,6,8,1,12,2,2,0,0,2,1,0,0
2023-12-09,Liverpool,Crystal Palace,2,1,14,8,2,4,5,6,3,1,0,1,1,0,0
2023-12-17,Liverpool,Man United,0,0,34,6,8,1,12,0,0,0,1,0,0,1,0
2023-12-23,Liverpool,Arsenal,1,1,13,13,3,2,4,5,2,0,1,0,0,1,0
2023-12-26,Liverpool,Burnley,2,0,19,9,10,0,4,4,2,0,0,2,1,0,0
2024-01-01,Liverpool,Newcastle,4,2,34,5,15,3,7,3,6,1,1,2,1,0,0
2024-01-21,Liverpool,Bournemouth,4,0,14,11,7,1,5,8,4,1,0,4,1,0,0
2024-01-31,Liverpool,Chelsea,4,1,28,4,13,3,8,1,5,1,1,3,1,0,0
2024-02-04,Liverpool,Arsenal,1,3,10,15,1,7,4,2,4,1,0,-2,0,0,1
2024-02-10,Liverpool,Burnley,3,1,25,9,10,4,9,3,4,1,1,2,1,0,0
2024-02-17,Liverpool,Brentford,4,1,15,15,8,6,6,1,5,1,0,3,1,0,0
2024-02-21,Liverpool,Luton,4,1,29,12,13,3,13,4,5,1,1,3,1,0,0
2024-03-02,Liverpool,Nott'm Forest,1,0,22,8,2,2,12,3,1,0,0,1,1,0,0
2024-03-10,Liverpool,Man City,1,1,19,10,6,6,7,4,2,0,1,0,0,1,0
2024-03-31,Liverpool,Brighton,2,1,30,9,8,3,8,4,3,1,1,1,1,0,0
2024-04-04,Liverpool,Sheffield United,3,1,29,8,9,3,13,1,4,1,1,2,1,0,0
2024-04-07,Liverpool,Man United,2,2,28,9,7,5,11,6,4,1,0,0,0,1,0
2024-04-14,Liverpool,Crystal Palace,0,1,21,8,6,5,11,1,1,0,1,-1,0,0,1
2024-04-21,Liverpool,Fulham,3,1,14,12,7,5,4,1,4,1,0,2,1,0,0
2024-04-24,Liverpool,Everton,0,2,23,16,7,6,13,4,2,0,0,-2,0,0,1
2024-04-27,Liverpool,West Ham,2,2,28,11,8,8,8,5,4,1,0,0,0,1,0
2024-05-05,Liverpool,Tottenham,4,2,25,11,13,6,8,3,6,1,1,2,1,0,0
2024-05-13,Liverpool,Aston Villa,3,3,14,19,7,5,4,5,6,1,0,0,0,1,0
2024-05-19,Liverpool,Wolves,2,0,36,4,14,3,10,2,2,0,1,2,1,0,0
2023-08-12,Luton,Brighton,1,4,9,27,3,12,7,6,5,1,0,-3,0,0,1
2023-08-25,Luton,Chelsea,0,3,11,19,1,8,4,6,3,1,0,-3,0,0,1
2023-09-01,Luton,West Ham,1,2,16,9,1,3,9,6,3,1,1,-1,0,0,1
2023-09-16,Luton,Fulham,0,1,7,13,2,2,2,6,1,0,0,-1,0,0,1
2023-09-23,Luton,Wolves,1,1,20,3,4,3,10,1,2,0,1,0,0,1,0
2023-09-30,Luton,Everton,2,1,9,23,2,5,6,3,3,1,0,1,1,0,0
2023-10-03,Luton,Burnley,1,2,18,14,3,4,7,6,3,1,1,-1,0,0,1
2023-10-07,Luton,Tottenham,0,1,12,15,2,4,5,6,1,0,1,-1,0,0,1
2023-10-21,Luton,Nott'm Forest,2,2,13,19,4,8,2,4,4,1,0,0,0,1,0
2023-10-29,Luton,Aston Villa,1,3,7,17,1,6,4,6,4,1,0,-2,0,0,1
2023-11-05,Luton,Liverpool,1,1,8,24,5,6,4,7,2,0,1,0,0,1,0
2023-11-11,Luton,Man United,0,1,10,15,4,4,3,11,1,0,0,-1,0,0,1
2023-11-25,Luton,Crystal Palace,2,1,8,16,3,8,4,5,3,1,1,1,1,0,0
2023-12-02,Luton,Brentford,1,3,7,27,1,6,5,7,4,1,0,-2,0,0,1
2023-12-05,Luton,Arsenal,3,4,6,23,4,9,3,8,7,1,1,-1,0,0,1
2023-12-10,Luton,Man City,1,2,4,18,2,6,6,3,3,1,1,-1,0,0,1
2023-12-23,Luton,Newcastle,1,0,16,15,5,2,6,7,1,0,1,1,1,0,0
2023-12-26,Luton,Sheffield United,3,2,12,21,4,6,4,9,5,1,0,1,1,0,0
2023-12-30,Luton,Chelsea,2,3,15,12,6,8,7,2,5,1,1,-1,0,0,1
2024-01-12,Luton,Burnley,1,1,14,13,5,7,8,2,2,0,0,0,0,1,0
2024-01-30,Luton,Brighton,4,0,18,9,8,2,7,4,4,1,1,4,1,0,0
2024-02-03,Luton,Newcastle,4,4,11,19,8,6,2,8,8,1,0,0,0,1,0
2024-02-10,Luton,Sheffield United,1,3,20,7,5,3,13,1,4,1,1,-2,0,0,1
2024-02-18,Luton,Man United,1,2,22,21,4,9,8,6,3,1,1,-1,0,0,1
2024-02-21,Luton,Liverpool,1,4,12,29,3,13,4,13,5,1,0,-3,0,0,1
2024-03-02,Luton,Aston Villa,2,3,13,12,5,8,8,6,5,1,1,-1,0,0,1
2024-03-09,Luton,Crystal Palace,1,1,8,21,2,4,6,8,2,0,0,0,0,1,0
2024-03-13,Luton,Bournemouth,3,4,8,24,4,10,3,11,7,1,0,-1,0,0,1
2024-03-16,Luton,Nott'm Forest,1,1,10,16,4,6,6,7,2,0,1,0,0,1,0
2024-03-30,Luton,Tottenham,1,2,7,17,3,4,6,3,3,1,0,-1,0,0,1
2024-04-03,Luton,Arsenal,0,2,5,13,1,4,1,3,2,0,0,-2,0,0,1
2024-04-06,Luton,Bournemouth,2,1,19,8,9,1,7,2,3,1,1,1,1,0,0
2024-04-13,Luton,Man City,1,5,4,33,2,13,1,12,6,1,0,-4,0,0,1
2024-04-20,Luton,Brentford,1,5,6,21,3,9,4,9,6,1,1,-4,0,0,1
2024-04-27,Luton,Wolves,1,2,9,13,6,5,4,4,3,1,0,-1,0,0,1
2024-05-03,Luton,Everton,1,1,18,10,5,3,8,7,2,0,1,0,0,1,0
2024-05-11,Luton,West Ham,1,3,4,24,1,8,6,7,4,1,0,-2,0,0,1
2024-05-19,Luton,Fulham,2,4,15,15,6,7,4,4,6,1,1,-2,0,0,1
2022-08-07,Man City,West Ham,2,0,14,6,2,1,4,1,2,0,0,2,1,0,0
2022-08-13,Man City,Bournemouth,4,0,19,3,7,1,11,1,4,1,1,4,1,0,0
2022-08-21,Man City,Newcastle,3,3,21,12,10,6,5,5,6,1,0,0,0,1,0
2022-08-27,Man City,Crystal Palace,4,2,18,2,5,2,6,1,6,1,1,2,1,0,0
2022-08-31,Man City,Nott'm Forest,6,0,17,8,9,1,10,1,6,1,1,6,1,0,0
2022-09-03,Man City,Aston Villa,1,1,13,3,4,1,4,1,2,0,0,0,0,1,0
2022-09-17,Man City,Wolves,3,0,16,6,7,1,7,5,3,1,0,3,1,0,0
2022-10-02,Man City,Man United,6,3,22,12,10,8,5,1,9,1,1,3,1,0,0
2022-10-08,Man City,Southampton,4,0,21,5,8,0,9,1,4,1,1,4,1,0,0
2022-10-16,Man City,Liverpool,0,1,16,13,6,2,6,5,1,0,0,-1,0,0,1
2022-10-22,Man City,Brighton,3,1,10,8,4,2,7,3,4,1,1,2,1,0,0
2022-10-29,Man City,Leicester,1,0,15,10,5,5,10,3,1,0,0,1,1,0,0
2022-11-05,Man City,Fulham,2,1,16,4,5,2,9,0,3,1,1,1,1,0,0
2022-11-12,Man City,Brentford,1,2,29,10,6,8,10,2,3,1,1,-1,0,0,1
2022-12-28,Man City,Leeds,3,1,26,9,9,1,5,3,4,1,0,2,1,0,0
2022-12-31,Man City,Everton,1,1,16,2,3,1,7,1,2,0,1,0,0,1,0
2023-01-05,Man City,Chelsea,1,0,12,8,3,2,2,3,1,0,0,1,1,0,0
2023-01-14,Man City,Man United,1,2,5,8,1,4,2,1,3,1,0,-1,0,0,1
2023-01-19,Man City,Tottenham,4,2,16,9,6,3,8,3,6,1,1,2,1,0,0
2023-01-22,Man City,Wolves,3,0,13,10,7,1,5,7,3,1,1,3,1,0,0
2023-02-05,Man City,Tottenham,0,1,15,12,5,3,6,4,1,0,0,-1,0,0,1
2023-02-12,Man City,Aston Villa,3,1,17,6,9,2,8,4,4,1,1,2,1,0,0
2023-02-15,Man City,Arsenal,3,1,9,10,6,1,3,1,4,1,0,2,1,0,0
2023-02-18,Man City,Nott'm Forest,1,1,26,4,6,1,10,0,2,0,0,0,0,1,0
2023-02-25,Man City,Bournemouth,4,1,20,13,5,2,6,4,5,1,0,3,1,0,0
2023-03-04,Man City,Newcastle,2,0,11,5,3,2,8,4,2,0,1,2,1,0,0
2023-03-11,Man City,Crystal Palace,1,0,14,4,4,0,6,2,1,0,0,1,1,0,0
2023-04-01,Man City,Liverpool,4,1,17,4,8,1,7,1,5,1,1,3,1,0,0
2023-04-08,Man City,Southampton,4,1,13,4,8,1,10,0,5,1,0,3,1,0,0
2023-04-15,Man City,Leicester,3,1,12,10,4,4,6,2,4,1,1,2,1,0,0
2023-04-26,Man City,Arsenal,4,1,14,8,9,2,1,3,5,1,1,3,1,0,0
2023-04-30,Man City,Fulham,2,1,12,4,9,1,5,2,3,1,0,1,1,0,0
2023-05-03,Man City,West Ham,3,0,16,6,7,2,6,3,3,1,1,3,1,0,0
2023-05-06,Man City,Leeds,2,1,18,4,6,2,10,1,3,1,1,1,1,0,0
2023-05-14,Man City,Everton,3,0,9,7,4,3,6,8,3,1,0,3,1,0,0
2023-05-21,Man City,Chelsea,1,0,15,13,2,6,5,2,1,0,1,1,1,0,0
2023-05-24,Man City,Brighton,1,1,13,20,4,7,1,5,2,0,0,0,0,1,0
2023-05-28,Man City,Brentford,0,1,17,11,3,4,4,3,1,0,0,-1,0,0,1
2023-08-11,Man City,Burnley,3,0,17,6,8,1,5,6,3,1,0,3,1,0,0
2023-08-19,Man City,Newcastle,1,0,14,7,4,1,3,0,1,0,1,1,1,0,0
2023-08-27,Man City,Sheffield United,2,1,30,6,9,2,12,1,3,1,0,1,1,0,0
2023-09-02,Man City,Fulham,5,1,7,6,5,4,4,5,6,1,1,4,1,0,0
2023-09-16,Man City,West Ham,3,1,29,6,15,3,11,4,4,1,0,2,1,0,0
2023-09-23,Man City,Nott'm Forest,2,0,7,10,4,3,6,6,2,0,1,2,1,0,0
2023-09-30,Man City,Wolves,1,2,23,3,8,1,6,0,3,1,0,-1,0,0,1
2023-10-08,Man City,Arsenal,0,1,4,12,1,2,4,5,1,0,0,-1,0,0,1
2023-10-21,Man City,Brighton,2,1,10,5,6,3,2,2,3,1,1,1,1,0,0
2023-10-29,Man City,Man United,3,0,21,7,10,3,12,7,3,1,0,3,1,0,0
2023-11-04,Man City,Bournemouth,6,1,21,5,8,1,12,1,7,1,1,5,1,0,0
2023-11-12,Man City,Chelsea,4,4,15,17,10,9,3,3,8,1,0,0,0,1,0
2023-11-25,Man City,Liverpool,1,1,16,8,5,3,9,6,2,0,1,0,0,1,0
2023-12-03,Man City,Tottenham,3,3,18,8,4,4,10,8,6,1,1,0,0,1,0
2023-12-06,Man City,Aston Villa,0,1,2,22,2,7,0,6,1,0,0,-1,0,0,1
2023-12-10,Man City,Luton,2,1,18,4,6,2,3,6,3,1,0,1,1,0,0
2023-12-16,Man City,Crystal Palace,2,2,19,5,9,2,6,1,4,1,1,0,0,1,0
2023-12-27,Man City,Everton,3,1,23,7,9,2,4,8,4,1,0,2,1,0,0
2023-12-30,Man City,Sheffield United,2,0,18,4,4,2,12,2,2,0,1,2,1,0,0
2024-01-13,Man City,Newcastle,3,2,27,12,11,5,13,3,5,1,0,1,1,0,0
2024-01-31,Man City,Burnley,3,1,14,8,4,3,7,3,4,1,1,2,1,0,0
2024-02-05,Man City,Brentford,3,1,25,9,15,3,13,8,4,1,0,2,1,0,0
2024-02-10,Man City,Everton,2,0,19,5,3,1,9,0,2,0,1,2,1,0,0
2024-02-17,Man City,Chelsea,1,1,31,9,5,6,12,1,2,0,1,0,0,1,0
2024-02-20,Man City,Brentford,1,0,25,6,11,2,10,1,1,0,1,1,1,0,0
2024-02-24,Man City,Bournemouth,1,0,15,13,6,4,8,3,1,0,0,1,1,0,0
2024-03-03,Man City,Man United,3,1,27,3,8,1,15,2,4,1,1,2,1,0,0
2024-03-10,Man City,Liverpool,1,1,10,19,6,6,4,7,2,0,0,0,0,1,0
2024-03-31,Man City,Arsenal,0,0,12,6,1,2,7,4,0,0,1,0,0,1,0
2024-04-03,Man City,Aston Villa,4,1,25,8,11,3,2,3,5,1,1,3,1,0,0
2024-04-06,Man City,Crystal Palace,4,2,18,7,8,4,9,2,6,1,0,2,1,0,0
2024-04-13,Man City,Luton,5,1,33,4,13,2,12,1,6,1,1,4,1,0,0
2024-04-25,Man City,Brighton,4,0,14,7,6,3,4,4,4,1,0,4,1,0,0
2024-04-28,Man City,Nott'm Forest,2,0,11,14,5,2,5,4,2,0,0,2,1,0,0
2024-05-04,Man City,Wolves,5,1,20,2,12,1,6,0,6,1,1,4,1,0,0
2024-05-11,Man City,Fulham,4,0,16,1,9,1,7,1,4,1,0,4,1,0,0
2024-05-14,Man City,Tottenham,2,0,8,10,5,5,4,7,2,0,0,2,1,0,0
2024-05-19,Man City,West Ham,3,1,28,3,12,2,11,2,4,1,1,2,1,0,0
2022-08-07,Man United,Brighton,1,2,17,15,5,4,6,2,3,1,1,-1,0,0,1
2022-08-13,Man United,Brentford,0,4,15,13,4,7,2,8,4,1,0,-4,0,0,1
2022-08-22,Man United,Liverpool,2,1,12,17,4,5,6,8,3,1,1,1,1,0,0
2022-08-27,Man United,Southampton,1,0,11,17,6,5,3,5,1,0,0,1,1,0,0
2022-09-01,Man United,Leicester,1,0,9,10,2,2,3,1,1,0,0,1,1,0,0
2022-09-04,Man United,Arsenal,3,1,10,16,6,3,2,5,4,1,1,2,1,0,0
2022-10-02,Man United,Man City,3,6,12,22,8,10,1,5,9,1,0,-3,0,0,1
2022-10-09,Man United,Everton,2,1,12,11,4,2,4,5,3,1,0,1,1,0,0
2022-10-16,Man United,Newcastle,0,0,15,9,2,2,4,4,0,0,1,0,0,1,0
2022-10-19,Man United,Tottenham,2,0,28,9,10,2,8,3,2,0,1,2,1,0,0
2022-10-22,Man United,Chelsea,1,1,13,6,6,2,4,6,2,0,0,0,0,1,0
2022-10-30,Man United,West Ham,1,0,16,13,3,5,5,10,1,0,1,1,1,0,0
2022-11-06,Man United,Aston Villa,1,3,8,6,3,4,5,3,4,1,0,-2,0,0,1
2022-11-13,Man United,Fulham,2,1,14,14,9,7,3,10,3,1,0,1,1,0,0
2022-12-27,Man United,Nott'm Forest,3,0,17,8,8,3,9,9,3,1,1,3,1,0,0
2022-12-31,Man United,Wolves,1,0,16,10,6,3,5,7,1,0,0,1,1,0,0
2023-01-03,Man United,Bournemouth,3,0,18,7,6,4,6,5,3,1,1,3,1,0,0
2023-01-14,Man United,Man City,2,1,8,5,4,1,1,2,3,1,1,1,1,0,0
2023-01-18,Man United,Crystal Palace,1,1,15,10,4,5,3,3,2,0,0,0,0,1,0
2023-01-22,Man United,Arsenal,2,3,6,25,4,5,4,12,5,1,0,-1,0,0,1
2023-02-04,Man United,Crystal Palace,2,1,14,10,5,3,5,5,3,1,1,1,1,0,0
2023-02-08,Man United,Leeds,2,2,24,8,7,2,6,5,4,1,1,0,0,1,0
2023-02-12,Man United,Leeds,2,0,11,16,5,6,3,7,2,0,0,2,1,0,0
2023-02-19,Man United,Leicester,3,0,26,19,8,3,6,6,3,1,1,3,1,0,0
2023-03-05,Man United,Liverpool,0,7,8,18,4,8,3,4,7,1,0,-7,0,0,1
2023-03-12,Man United,Southampton,0,0,10,17,4,4,7,8,0,0,1,0,0,1,0
2023-04-02,Man United,Newcastle,0,2,6,22,1,6,4,7,2,0,0,-2,0,0,1
2023-04-05,Man United,Brentford,1,0,18,6,3,1,12,3,1,0,1,1,1,0,0
2023-04-08,Man United,Everton,2,0,29,15,11,1,10,4,2,0,1,2,1,0,0
2023-04-16,Man United,Nott'm Forest,2,0,22,6,8,0,9,4,2,0,0,2,1,0,0
2023-04-27,Man United,Tottenham,2,2,17,18,8,7,8,6,4,1,0,0,0,1,0
2023-04-30,Man United,Aston Villa,1,0,14,7,6,1,1,4,1,0,1,1,1,0,0
2023-05-04,Man United,Brighton,0,1,16,22,5,6,6,8,1,0,0,-1,0,0,1
2023-05-07,Man United,West Ham,0,1,19,15,4,4,6,5,1,0,0,-1,0,0,1
2023-05-13,Man United,Wolves,2,0,27,5,9,0,11,7,2,0,1,2,1,0,0
2023-05-20,Man United,Bournemouth,1,0,20,10,5,4,6,3,1,0,0,1,1,0,0
2023-05-25,Man United,Chelsea,4,1,18,14,9,5,3,4,5,1,1,3,1,0,0
2023-05-28,Man United,Fulham,2,1,21,10,8,3,5,4,3,1,1,1,1,0,0
2023-08-14,Man United,Wolves,1,0,15,23,3,6,8,7,1,0,1,1,1,0,0
2023-08-19,Man United,Tottenham,0,2,22,17,6,6,6,5,2,0,0,-2,0,0,1
2023-08-26,Man United,Nott'm Forest,3,2,18,9,9,4,11,3,5,1,1,1,1,0,0
2023-09-03,Man United,Arsenal,1,3,10,17,2,5,3,12,4,1,0,-2,0,0,1
2023-09-16,Man United,Brighton,1,3,14,10,4,8,8,1,4,1,1,-2,0,0,1
2023-09-23,Man United,Burnley,1,0,11,12,4,4,5,9,1,0,0,1,1,0,0
2023-09-30,Man United,Crystal Palace,0,1,19,8,4,2,10,4,1,0,1,-1,0,0,1
2023-10-07,Man United,Brentford,2,1,21,11,8,3,7,5,3,1,1,1,1,0,0
2023-10-21,Man United,Sheffield United,2,1,14,12,5,6,4,5,3,1,0,1,1,0,0
2023-10-29,Man United,Man City,0,3,7,21,3,10,7,12,3,1,1,-3,0,0,1
2023-11-04,Man United,Fulham,1,0,12,18,5,3,4,9,1,0,0,1,1,0,0
2023-11-11,Man United,Luton,1,0,15,10,4,4,11,3,1,0,1,1,1,0,0
2023-11-26,Man United,Everton,3,0,9,24,4,6,5,6,3,1,0,3,1,0,0
2023-12-02,Man United,Newcastle,0,1,8,22,1,4,3,7,1,0,0,-1,0,0,1
2023-12-06,Man United,Chelsea,2,1,28,13,9,3,12,4,3,1,1,1,1,0,0
2023-12-09,Man United,Bournemouth,0,3,20,10,3,4,10,4,3,1,1,-3,0,0,1
2023-12-17,Man United,Liverpool,0,0,6,34,1,8,0,12,0,0,0,0,0,1,0
2023-12-23,Man United,West Ham,0,2,11,12,3,5,4,4,2,0,0,-2,0,0,1
2023-12-26,Man United,Aston Villa,3,2,13,10,7,4,3,6,5,1,1,1,1,0,0
2023-12-30,Man United,Nott'm Forest,1,2,10,8,5,2,5,4,3,1,0,-1,0,0,1
2024-01-14,Man United,Tottenham,2,2,9,16,2,6,8,13,4,1,1,0,0,1,0
2024-02-01,Man United,Wolves,4,3,21,16,8,7,5,4,7,1,0,1,1,0,0
2024-02-04,Man United,West Ham,3,0,12,22,5,3,5,8,3,1,1,3,1,0,0
2024-02-11,Man United,Aston Villa,2,1,17,23,5,10,8,10,3,1,0,1,1,0,0
2024-02-18,Man United,Luton,2,1,21,22,9,4,6,8,3,1,0,1,1,0,0
2024-02-24,Man United,Fulham,1,2,21,17,9,5,10,9,3,1,1,-1,0,0,1
2024-03-03,Man United,Man City,1,3,3,27,1,8,2,15,4,1,0,-2,0,0,1
2024-03-09,Man United,Everton,2,0,15,23,8,6,5,8,2,0,1,2,1,0,0
2024-03-30,Man United,Brentford,1,1,11,31,5,5,4,14,2,0,0,0,0,1,0
2024-04-04,Man United,Chelsea,3,4,19,28,5,10,3,12,7,1,0,-1,0,0,1
2024-04-07,Man United,Liverpool,2,2,9,28,5,7,6,11,4,1,1,0,0,1,0
2024-04-13,Man United,Bournemouth,2,2,8,20,2,5,2,7,4,1,0,0,0,1,0
2024-04-24,Man United,Sheffield United,4,2,25,10,13,4,9,4,6,1,1,2,1,0,0
2024-04-27,Man United,Burnley,1,1,27,16,10,7,6,5,2,0,1,0,0,1,0
2024-05-06,Man United,Crystal Palace,0,4,7,18,2,10,3,6,4,1,0,-4,0,0,1
2024-05-12,Man United,Arsenal,0,1,14,11,2,5,4,7,1,0,1,-1,0,0,1
2024-05-15,Man United,Newcastle,3,2,17,21,8,8,9,9,5,1,1,1,1,0,0
2024-05-19,Man United,Brighton,2,0,11,17,4,3,5,7,2,0,0,2,1,0,0
2022-08-06,Newcastle,Nott'm Forest,2,0,23,5,10,0,11,1,2,0,1,2,1,0,0
2022-08-13,Newcastle,Brighton,0,0,4,13,1,7,3,7,0,0,0,0,0,1,0
2022-08-21,Newcastle,Man City,3,3,12,21,6,10,5,5,6,1,1,0,0,1,0
2022-08-28,Newcastle,Wolves,1,1,21,10,6,4,13,4,2,0,0,0,0,1,0
2022-08-31,Newcastle,Liverpool,1,2,5,23,2,6,0,13,3,1,0,-1,0,0,1
2022-09-03,Newcastle,Crystal Palace,0,0,23,19,6,9,13,5,0,0,1,0,0,1,0
2022-09-17,Newcastle,Bournemouth,1,1,20,10,7,3,8,1,2,0,1,0,0,1,0
2022-10-01,Newcastle,Fulham,4,1,19,3,10,1,8,1,5,1,0,3,1,0,0
2022-10-08,Newcastle,Brentford,5,1,16,6,6,3,9,5,6,1,1,4,1,0,0
2022-10-16,Newcastle,Man United,0,0,9,15,2,2,4,4,0,0,0,0,0,1,0
2022-10-19,Newcastle,Everton,1,0,16,1,4,0,8,2,1,0,1,1,1,0,0
2022-10-23,Newcastle,Tottenham,2,1,13,17,5,5,7,6,3,1,0,1,1,0,0
2022-10-29,Newcastle,Aston Villa,4,0,20,3,7,0,3,0,4,1,1,4,1,0,0
2022-11-06,Newcastle,Southampton,4,1,7,16,4,5,2,8,5,1,0,3,1,0,0
2022-11-12,Newcastle,Chelsea,1,0,10,5,3,2,5,3,1,0,1,1,1,0,0
2022-12-26,Newcastle,Leicester,3,0,12,8,5,2,5,5,3,1,0,3,1,0,0
2022-12-31,Newcastle,Leeds,0,0,16,8,5,1,9,3,0,0,1,0,0,1,0
2023-01-03,Newcastle,Arsenal,0,0,8,17,1,4,5,5,0,0,0,0,0,1,0
2023-01-15,Newcastle,Fulham,1,0,20,5,5,0,10,5,1,0,1,1,1,0,0
2023-01-21,Newcastle,Crystal Palace,0,0,16,6,7,1,15,3,0,0,0,0,0,1,0
2023-02-04,Newcastle,West Ham,1,1,8,10,2,1,4,2,2,0,1,0,0,1,0
2023-02-11,Newcastle,Bournemouth,1,1,15,11,7,5,6,4,2,0,0,0,0,1,0
2023-02-18,Newcastle,Liverpool,0,2,14,13,4,7,6,7,2,0,1,-2,0,0,1
2023-03-04,Newcastle,Man City,0,2,5,11,2,3,4,8,2,0,0,-2,0,0,1
2023-03-12,Newcastle,Wolves,2,1,19,7,8,4,10,3,3,1,1,1,1,0,0
2023-03-17,Newcastle,Nott'm Forest,2,1,15,5,4,3,7,3,3,1,0,1,1,0,0
2023-04-02,Newcastle,Man United,2,0,22,6,6,1,7,4,2,0,1,2,1,0,0
2023-04-05,Newcastle,West Ham,5,1,15,7,8,2,6,7,6,1,0,4,1,0,0
2023-04-08,Newcastle,Brentford,2,1,10,12,4,6,5,6,3,1,0,1,1,0,0
2023-04-15,Newcastle,Aston Villa,0,3,8,16,2,6,2,7,3,1,0,-3,0,0,1
2023-04-23,Newcastle,Tottenham,6,1,25,11,8,3,9,3,7,1,1,5,1,0,0
2023-04-27,Newcastle,Everton,4,1,15,13,8,5,14,3,5,1,0,3,1,0,0
2023-04-30,Newcastle,Southampton,3,1,22,4,5,3,11,2,4,1,1,2,1,0,0
2023-05-07,Newcastle,Arsenal,0,2,12,10,5,6,9,4,2,0,1,-2,0,0,1
2023-05-13,Newcastle,Leeds,2,2,18,9,5,4,6,2,4,1,0,0,0,1,0
2023-05-18,Newcastle,Brighton,4,1,22,8,9,2,6,1,5,1,1,3,1,0,0
2023-05-22,Newcastle,Leicester,0,0,23,1,4,1,12,1,0,0,1,0,0,1,0
2023-05-28,Newcastle,Chelsea,1,1,13,22,4,5,3,10,2,0,0,0,0,1,0
2023-08-12,Newcastle,Aston Villa,5,1,17,16,13,6,6,5,6,1,1,4,1,0,0
2023-08-19,Newcastle,Man City,0,1,7,14,1,4,0,3,1,0,0,-1,0,0,1
2023-08-27,Newcastle,Liverpool,1,2,23,9,8,4,5,9,3,1,1,-1,0,0,1
2023-09-02,Newcastle,Brighton,1,3,9,15,2,6,3,5,4,1,0,-2,0,0,1
2023-09-16,Newcastle,Brentford,1,0,9,11,2,2,8,3,1,0,1,1,1,0,0
2023-09-24,Newcastle,Sheffield United,8,0,22,9,15,1,6,2,8,1,0,8,1,0,0
2023-09-30,Newcastle,Burnley,2,0,20,8,8,2,5,3,2,0,1,2,1,0,0
2023-10-08,Newcastle,West Ham,2,2,10,5,3,3,2,4,4,1,0,0,0,1,0
2023-10-21,Newcastle,Crystal Palace,4,0,10,17,7,3,6,8,4,1,1,4,1,0,0
2023-10-28,Newcastle,Wolves,2,2,13,11,5,6,7,8,4,1,0,0,0,1,0
2023-11-04,Newcastle,Arsenal,1,0,9,14,2,1,0,11,1,0,1,1,1,0,0
2023-11-11,Newcastle,Bournemouth,0,2,8,19,5,10,5,6,2,0,0,-2,0,0,1
2023-11-25,Newcastle,Chelsea,4,1,14,7,5,4,4,2,5,1,1,3,1,0,0
2023-12-02,Newcastle,Man United,1,0,22,8,4,1,7,3,1,0,1,1,1,0,0
2023-12-07,Newcastle,Everton,0,3,13,21,3,6,2,5,3,1,0,-3,0,0,1
2023-12-10,Newcastle,Tottenham,1,4,9,23,3,12,6,3,5,1,0,-3,0,0,1
2023-12-16,Newcastle,Fulham,3,0,27,6,10,4,5,1,3,1,1,3,1,0,0
2023-12-23,Newcastle,Luton,0,1,15,16,2,5,7,6,1,0,0,-1,0,0,1
2023-12-26,Newcastle,Nott'm Forest,1,3,19,15,7,6,10,2,4,1,1,-2,0,0,1
2024-01-01,Newcastle,Liverpool,2,4,5,34,3,15,3,7,6,1,0,-2,0,0,1
2024-01-13,Newcastle,Man City,2,3,12,27,5,11,3,13,5,1,1,-1,0,0,1
2024-01-30,Newcastle,Aston Villa,3,1,14,12,5,6,7,8,4,1,0,2,1,0,0
2024-02-03,Newcastle,Luton,4,4,19,11,6,8,8,2,8,1,1,0,0,1,0
2024-02-10,Newcastle,Nott'm Forest,3,2,7,13,5,3,4,4,5,1,0,1,1,0,0
2024-02-17,Newcastle,Bournemouth,2,2,17,12,5,7,4,2,4,1,1,0,0,1,0
2024-02-24,Newcastle,Arsenal,1,4,3,18,2,8,0,9,5,1,0,-3,0,0,1
2024-03-02,Newcastle,Wolves,3,0,14,12,7,3,3,5,3,1,1,3,1,0,0
2024-03-11,Newcastle,Chelsea,2,3,11,12,3,8,4,0,5,1,0,-1,0,0,1
2024-03-30,Newcastle,West Ham,4,3,24,10,9,4,3,4,7,1,1,1,1,0,0
2024-04-02,Newcastle,Everton,1,1,18,10,6,3,7,3,2,0,1,0,0,1,0
2024-04-06,Newcastle,Fulham,1,0,12,14,5,4,3,14,1,0,0,1,1,0,0
2024-04-13,Newcastle,Tottenham,4,0,18,11,5,2,16,3,4,1,1,4,1,0,0
2024-04-24,Newcastle,Crystal Palace,0,2,7,20,2,7,2,7,2,0,0,-2,0,0,1
2024-04-27,Newcastle,Sheffield United,5,1,20,15,7,5,4,5,6,1,1,4,1,0,0
2024-05-04,Newcastle,Burnley,4,1,23,17,11,5,11,4,5,1,0,3,1,0,0
2024-05-11,Newcastle,Brighton,1,1,18,15,7,4,8,4,2,0,1,0,0,1,0
2024-05-15,Newcastle,Man United,2,3,21,17,8,8,9,9,5,1,0,-1,0,0,1
2024-05-19,Newcastle,Brentford,4,2,12,10,7,5,0,3,6,1,0,2,1,0,0
2022-08-06,Nott'm Forest,Newcastle,0,2,5,23,0,10,1,11,2,0,0,-2,0,0,1
2022-08-14,Nott'm Forest,West Ham,1,0,13,19,6,5,6,7,1,0,1,1,1,0,0
2022-08-20,Nott'm Forest,Everton,1,1,14,19,5,8,2,6,2,0,0,0,0,1,0
2022-08-28,Nott'm Forest,Tottenham,0,2,17,18,1,7,6,1,2,0,1,-2,0,0,1
2022-08-31,Nott'm Forest,Man City,0,6,8,17,1,9,1,10,6,1,0,-6,0,0,1
2022-09-03,Nott'm Forest,Bournemouth,2,3,11,8,3,3,4,6,5,1,1,-1,0,0,1
2022-09-16,Nott'm Forest,Fulham,2,3,11,15,3,7,2,10,5,1,1,-1,0,0,1
2022-10-03,Nott'm Forest,Leicester,0,4,10,17,3,7,6,6,4,1,0,-4,0,0,1
2022-10-10,Nott'm Forest,Aston Villa,1,1,6,12,3,2,1,4,2,0,1,0,0,1,0
2022-10-15,Nott'm Forest,Wolves,0,1,10,9,2,2,5,4,1,0,0,-1,0,0,1
2022-10-18,Nott'm Forest,Brighton,0,0,3,19,0,7,1,9,0,0,0,0,0,1,0
2022-10-22,Nott'm Forest,Liverpool,1,0,10,15,7,7,2,11,1,0,1,1,1,0,0
2022-10-30,Nott'm Forest,Arsenal,0,5,5,24,2,10,4,9,5,1,0,-5,0,0,1
2022-11-05,Nott'm Forest,Brentford,2,2,15,6,7,2,3,3,4,1,1,0,0,1,0
2022-11-12,Nott'm Forest,Crystal Palace,1,0,9,8,2,0,1,5,1,0,1,1,1,0,0
2022-12-27,Nott'm Forest,Man United,0,3,8,17,3,8,9,9,3,1,0,-3,0,0,1
2023-01-01,Nott'm Forest,Chelsea,1,1,12,7,5,2,1,2,2,0,1,0,0,1,0
2023-01-04,Nott'm Forest,Southampton,1,0,11,8,1,0,2,6,1,0,0,1,1,0,0
2023-01-14,Nott'm Forest,Leicester,2,0,15,6,5,1,3,5,2,0,1,2,1,0,0
2023-01-21,Nott'm Forest,Bournemouth,1,1,20,16,5,4,6,4,2,0,0,0,0,1,0
2023-02-05,Nott'm Forest,Leeds,1,0,6,10,2,4,0,2,1,0,1,1,1,0,0
2023-02-11,Nott'm Forest,Fulham,0,2,10,16,1,3,4,5,2,0,0,-2,0,0,1
2023-02-18,Nott'm Forest,Man City,1,1,4,26,1,6,0,10,2,0,1,0,0,1,0
2023-02-25,Nott'm Forest,West Ham,0,4,8,18,3,5,3,12,4,1,0,-4,0,0,1
2023-03-05,Nott'm Forest,Everton,2,2,10,10,4,3,3,3,4,1,1,0,0,1,0
2023-03-11,Nott'm Forest,Tottenham,1,3,9,15,5,7,10,2,4,1,0,-2,0,0,1
2023-03-17,Nott'm Forest,Newcastle,1,2,5,15,3,4,3,7,3,1,1,-1,0,0,1
2023-04-01,Nott'm Forest,Wolves,1,1,17,8,7,1,4,3,2,0,1,0,0,1,0
2023-04-04,Nott'm Forest,Leeds,1,2,13,21,1,6,4,11,3,1,0,-1,0,0,1
2023-04-08,Nott'm Forest,Aston Villa,0,2,6,8,2,3,8,1,2,0,0,-2,0,0,1
2023-04-16,Nott'm Forest,Man United,0,2,6,22,0,8,4,9,2,0,1,-2,0,0,1
2023-04-22,Nott'm Forest,Liverpool,2,3,11,18,5,6,3,9,5,1,0,-1,0,0,1
2023-04-26,Nott'm Forest,Brighton,3,1,12,17,5,7,2,7,4,1,1,2,1,0,0
2023-04-29,Nott'm Forest,Brentford,1,2,5,14,3,8,0,6,3,1,0,-1,0,0,1
2023-05-08,Nott'm Forest,Southampton,4,3,9,19,4,5,2,11,7,1,1,1,1,0,0
2023-05-13,Nott'm Forest,Chelsea,2,2,11,14,2,6,5,2,4,1,0,0,0,1,0
2023-05-20,Nott'm Forest,Arsenal,1,0,6,11,2,3,3,6,1,0,1,1,1,0,0
2023-05-28,Nott'm Forest,Crystal Palace,1,1,7,16,4,4,4,5,2,0,0,0,0,1,0
2023-08-12,Nott'm Forest,Arsenal,1,2,6,15,2,7,3,8,3,1,0,-1,0,0,1
2023-08-18,Nott'm Forest,Sheffield United,2,1,16,7,4,3,6,7,3,1,1,1,1,0,0
2023-08-26,Nott'm Forest,Man United,2,3,9,18,4,9,3,11,5,1,0,-1,0,0,1
2023-09-02,Nott'm Forest,Chelsea,1,0,7,21,3,2,0,8,1,0,0,1,1,0,0
2023-09-18,Nott'm Forest,Burnley,1,1,14,10,4,3,5,4,2,0,1,0,0,1,0
2023-09-23,Nott'm Forest,Man City,0,2,10,7,3,4,6,6,2,0,0,-2,0,0,1
2023-10-01,Nott'm Forest,Brentford,1,1,6,18,1,5,1,11,2,0,1,0,0,1,0
2023-10-07,Nott'm Forest,Crystal Palace,0,0,16,8,5,2,7,3,0,0,0,0,0,1,0
2023-10-21,Nott'm Forest,Luton,2,2,19,13,8,4,4,2,4,1,1,0,0,1,0
2023-10-29,Nott'm Forest,Liverpool,0,3,9,21,1,8,3,8,3,1,0,-3,0,0,1
2023-11-05,Nott'm Forest,Aston Villa,2,0,5,13,3,3,0,10,2,0,1,2,1,0,0
2023-11-12,Nott'm Forest,West Ham,2,3,10,16,5,6,4,9,5,1,0,-1,0,0,1
2023-11-25,Nott'm Forest,Brighton,2,3,18,11,5,5,6,4,5,1,1,-1,0,0,1
2023-12-02,Nott'm Forest,Everton,0,1,13,12,2,3,4,3,1,0,1,-1,0,0,1
2023-12-06,Nott'm Forest,Fulham,0,5,4,14,1,6,1,6,5,1,0,-5,0,0,1
2023-12-09,Nott'm Forest,Wolves,1,1,8,10,2,4,3,4,2,0,0,0,0,1,0
2023-12-15,Nott'm Forest,Tottenham,0,2,15,12,1,6,6,4,2,0,1,-2,0,0,1
2023-12-23,Nott'm Forest,Bournemouth,2,3,11,18,5,7,6,6,5,1,1,-1,0,0,1
2023-12-26,Nott'm Forest,Newcastle,3,1,15,19,6,7,2,10,4,1,0,2,1,0,0
2023-12-30,Nott'm Forest,Man United,2,1,8,10,2,5,4,5,3,1,1,1,1,0,0
2024-01-20,Nott'm Forest,Brentford,2,3,12,11,3,5,4,6,5,1,0,-1,0,0,1
2024-01-30,Nott'm Forest,Arsenal,1,2,9,19,3,3,2,11,3,1,1,-1,0,0,1
2024-02-04,Nott'm Forest,Bournemouth,1,1,8,9,6,2,6,11,2,0,0,0,0,1,0
2024-02-10,Nott'm Forest,Newcastle,2,3,13,7,3,5,4,4,5,1,1,-1,0,0,1
2024-02-17,Nott'm Forest,West Ham,2,0,19,10,8,3,5,3,2,0,1,2,1,0,0
2024-02-24,Nott'm Forest,Aston Villa,2,4,10,16,3,6,2,7,6,1,0,-2,0,0,1
2024-03-02,Nott'm Forest,Liverpool,0,1,8,22,2,2,3,12,1,0,1,-1,0,0,1
2024-03-10,Nott'm Forest,Brighton,0,1,9,10,4,3,3,6,1,0,0,-1,0,0,1
2024-03-16,Nott'm Forest,Luton,1,1,16,10,6,4,7,6,2,0,0,0,0,1,0
2024-03-30,Nott'm Forest,Crystal Palace,1,1,12,10,5,3,4,6,2,0,1,0,0,1,0
2024-04-02,Nott'm Forest,Fulham,3,1,16,18,4,3,3,8,4,1,1,2,1,0,0
2024-04-07,Nott'm Forest,Tottenham,1,3,13,17,6,7,2,12,4,1,0,-2,0,0,1
2024-04-13,Nott'm Forest,Wolves,2,2,18,11,9,4,10,1,4,1,1,0,0,1,0
2024-04-21,Nott'm Forest,Everton,0,2,8,7,3,4,4,6,2,0,0,-2,0,0,1
2024-04-28,Nott'm Forest,Man City,0,2,14,11,2,5,4,5,2,0,1,-2,0,0,1
2024-05-04,Nott'm Forest,Sheffield United,3,1,15,17,4,5,3,5,4,1,0,2,1,0,0
2024-05-11,Nott'm Forest,Chelsea,2,3,20,12,4,5,5,6,5,1,1,-1,0,0,1
2024-05-19,Nott'm Forest,Burnley,2,1,12,20,6,3,3,4,3,1,0,1,1,0,0
2023-08-12,Sheffield United,Crystal Palace,0,1,8,24,1,8,5,5,1,0,1,-1,0,0,1
2023-08-18,Sheffield United,Nott'm Forest,1,2,7,16,3,4,7,6,3,1,0,-1,0,0,1
2023-08-27,Sheffield United,Man City,1,2,6,30,2,9,1,12,3,1,1,-1,0,0,1
2023-09-02,Sheffield United,Everton,2,2,13,16,8,6,4,6,4,1,1,0,0,1,0
2023-09-16,Sheffield United,Tottenham,1,2,7,28,5,10,2,15,3,1,0,-1,0,0,1
2023-09-24,Sheffield United,Newcastle,0,8,9,22,1,15,2,6,8,1,1,-8,0,0,1
2023-09-30,Sheffield United,West Ham,0,2,16,20,2,9,4,7,2,0,0,-2,0,0,1
2023-10-07,Sheffield United,Fulham,1,3,5,20,2,6,4,9,4,1,0,-2,0,0,1
2023-10-21,Sheffield United,Man United,1,2,12,14,6,5,5,4,3,1,1,-1,0,0,1
2023-10-28,Sheffield United,Arsenal,0,5,2,13,0,8,1,6,5,1,0,-5,0,0,1
2023-11-04,Sheffield United,Wolves,2,1,11,10,2,3,4,4,3,1,1,1,1,0,0
2023-11-12,Sheffield United,Brighton,1,1,9,11,1,6,3,6,2,0,0,0,0,1,0
2023-11-25,Sheffield United,Bournemouth,1,3,10,23,2,11,4,7,4,1,1,-2,0,0,1
2023-12-02,Sheffield United,Burnley,0,5,6,19,3,7,1,6,5,1,0,-5,0,0,1
2023-12-06,Sheffield United,Liverpool,0,2,6,15,1,8,2,12,2,0,1,-2,0,0,1
2023-12-09,Sheffield United,Brentford,1,0,9,10,4,4,3,4,1,0,1,1,1,0,0
2023-12-16,Sheffield United,Chelsea,0,2,6,15,1,6,6,7,2,0,0,-2,0,0,1
2023-12-22,Sheffield United,Aston Villa,1,1,5,12,2,4,1,9,2,0,0,0,0,1,0
2023-12-26,Sheffield United,Luton,2,3,21,12,6,4,9,4,5,1,1,-1,0,0,1
2023-12-30,Sheffield United,Man City,0,2,4,18,2,4,2,12,2,0,0,-2,0,0,1
2024-01-21,Sheffield United,West Ham,2,2,21,16,6,5,4,1,4,1,1,0,0,1,0
2024-01-30,Sheffield United,Crystal Palace,2,3,9,12,5,4,1,11,5,1,0,-1,0,0,1
2024-02-03,Sheffield United,Aston Villa,0,5,10,14,5,10,3,4,5,1,1,-5,0,0,1
2024-02-10,Sheffield United,Luton,3,1,7,20,3,5,1,13,4,1,0,2,1,0,0
2024-02-18,Sheffield United,Brighton,0,5,6,24,1,10,5,10,5,1,1,-5,0,0,1
2024-02-25,Sheffield United,Wolves,0,1,12,13,4,2,6,5,1,0,0,-1,0,0,1
2024-03-04,Sheffield United,Arsenal,0,6,4,22,0,10,0,7,6,1,1,-6,0,0,1
2024-03-09,Sheffield United,Bournemouth,2,2,13,32,9,12,3,10,4,1,0,0,0,1,0
2024-03-30,Sheffield United,Fulham,3,3,8,24,4,9,2,15,6,1,1,0,0,1,0
2024-04-04,Sheffield United,Liverpool,1,3,8,29,3,9,1,13,4,1,0,-2,0,0,1
2024-04-07,Sheffield United,Chelsea,2,2,11,6,6,3,7,6,4,1,1,0,0,1,0
2024-04-13,Sheffield United,Brentford,0,2,8,9,2,5,6,3,2,0,0,-2,0,0,1
2024-04-20,Sheffield United,Burnley,1,4,18,16,11,9,11,2,5,1,1,-3,0,0,1
2024-04-24,Sheffield United,Man United,2,4,10,25,4,13,4,9,6,1,0,-2,0,0,1
2024-04-27,Sheffield United,Newcastle,1,5,15,20,5,7,5,4,6,1,0,-4,0,0,1
2024-05-04,Sheffield United,Nott'm Forest,1,3,17,15,5,4,5,3,4,1,1,-2,0,0,1
2024-05-11,Sheffield United,Everton,0,1,13,15,1,6,6,3,1,0,0,-1,0,0,1
2024-05-19,Sheffield United,Tottenham,0,3,6,18,1,9,2,6,3,1,1,-3,0,0,1
2022-08-06,Southampton,Tottenham,1,4,10,18,2,8,2,10,5,1,0,-3,0,0,1
2022-08-13,Southampton,Leeds,2,2,14,13,4,5,2,5,4,1,1,0,0,1,0
2022-08-20,Southampton,Leicester,2,1,9,6,3,1,5,2,3,1,0,1,1,0,0
2022-08-27,Southampton,Man United,0,1,17,11,5,6,5,3,1,0,1,-1,0,0,1
2022-08-30,Southampton,Chelsea,2,1,9,10,7,4,5,3,3,1,1,1,1,0,0
2022-09-03,Southampton,Wolves,0,1,12,7,1,2,6,5,1,0,0,-1,0,0,1
2022-09-16,Southampton,Aston Villa,0,1,7,11,1,3,3,6,1,0,0,-1,0,0,1
2022-10-01,Southampton,Everton,1,2,22,12,6,5,7,6,3,1,1,-1,0,0,1
2022-10-08,Southampton,Man City,0,4,5,21,0,8,1,9,4,1,0,-4,0,0,1
2022-10-16,Southampton,West Ham,1,1,10,25,8,4,4,14,2,0,1,0,0,1,0
2022-10-19,Southampton,Bournemouth,1,0,9,15,3,3,3,7,1,0,0,1,1,0,0
2022-10-23,Southampton,Arsenal,1,1,10,12,3,3,9,4,2,0,1,0,0,1,0
2022-10-29,Southampton,Crystal Palace,0,1,14,12,4,3,4,8,1,0,0,-1,0,0,1
2022-11-06,Southampton,Newcastle,1,4,16,7,5,4,8,2,5,1,1,-3,0,0,1
2022-11-12,Southampton,Liverpool,1,3,9,15,5,7,0,6,4,1,0,-2,0,0,1
2022-12-26,Southampton,Brighton,1,3,14,7,4,4,4,2,4,1,1,-2,0,0,1
2022-12-31,Southampton,Fulham,1,2,9,8,3,2,4,4,3,1,0,-1,0,0,1
2023-01-04,Southampton,Nott'm Forest,0,1,8,11,0,1,6,2,1,0,1,-1,0,0,1
2023-01-14,Southampton,Everton,2,1,13,12,5,4,4,6,3,1,0,1,1,0,0
2023-01-21,Southampton,Aston Villa,0,1,8,16,5,5,2,2,1,0,1,-1,0,0,1
2023-02-04,Southampton,Brentford,0,3,14,14,6,4,4,4,3,1,0,-3,0,0,1
2023-02-11,Southampton,Wolves,1,2,17,11,2,2,5,2,3,1,1,-1,0,0,1
2023-02-18,Southampton,Chelsea,1,0,8,17,5,5,2,8,1,0,0,1,1,0,0
2023-02-25,Southampton,Leeds,0,1,8,14,2,4,2,9,1,0,0,-1,0,0,1
2023-03-04,Southampton,Leicester,1,0,11,11,5,0,3,4,1,0,1,1,1,0,0
2023-03-12,Southampton,Man United,0,0,17,10,4,4,8,7,0,0,0,0,0,1,0
2023-03-15,Southampton,Brentford,0,2,7,11,1,5,3,3,2,0,1,-2,0,0,1
2023-03-18,Southampton,Tottenham,3,3,19,17,7,3,10,3,6,1,1,0,0,1,0
2023-04-02,Southampton,West Ham,0,1,9,12,3,2,3,5,1,0,0,-1,0,0,1
2023-04-08,Southampton,Man City,1,4,4,13,1,8,0,10,5,1,1,-3,0,0,1
2023-04-15,Southampton,Crystal Palace,0,2,11,9,4,2,6,2,2,0,1,-2,0,0,1
2023-04-21,Southampton,Arsenal,3,3,8,25,6,6,2,7,6,1,0,0,0,1,0
2023-04-27,Southampton,Bournemouth,0,1,11,16,2,2,6,4,1,0,1,-1,0,0,1
2023-04-30,Southampton,Newcastle,1,3,4,22,3,5,2,11,4,1,0,-2,0,0,1
2023-05-08,Southampton,Nott'm Forest,3,4,19,9,5,4,11,2,7,1,0,-1,0,0,1
2023-05-13,Southampton,Fulham,0,2,5,9,1,4,1,8,2,0,1,-2,0,0,1
2023-05-21,Southampton,Brighton,1,3,5,26,1,8,3,4,4,1,0,-2,0,0,1
2023-05-28,Southampton,Liverpool,4,4,15,30,10,8,2,9,8,1,1,0,0,1,0
2022-08-06,Tottenham,Southampton,4,1,18,10,8,2,10,2,5,1,1,3,1,0,0
2022-08-14,Tottenham,Chelsea,2,2,10,16,5,3,5,8,4,1,0,0,0,1,0
2022-08-20,Tottenham,Wolves,1,0,11,20,4,3,8,6,1,0,1,1,1,0,0
2022-08-28,Tottenham,Nott'm Forest,2,0,18,17,7,1,1,6,2,0,0,2,1,0,0
2022-08-31,Tottenham,West Ham,1,1,13,14,4,4,4,3,2,0,0,0,0,1,0
2022-09-03,Tottenham,Fulham,2,1,23,9,10,3,10,3,3,1,1,1,1,0,0
2022-09-17,Tottenham,Leicester,6,2,16,19,11,7,6,1,8,1,1,4,1,0,0
2022-10-01,Tottenham,Arsenal,1,3,7,22,3,9,2,5,4,1,0,-2,0,0,1
2022-10-08,Tottenham,Brighton,1,0,8,14,3,4,2,6,1,0,0,1,1,0,0
2022-10-15,Tottenham,Everton,2,0,21,4,7,0,7,1,2,0,1,2,1,0,0
2022-10-19,Tottenham,Man United,0,2,9,28,2,10,3,8,2,0,0,-2,0,0,1
2022-10-23,Tottenham,Newcastle,1,2,17,13,5,5,6,7,3,1,1,-1,0,0,1
2022-10-29,Tottenham,Bournemouth,3,2,23,6,7,4,19,2,5,1,0,1,1,0,0
2022-11-06,Tottenham,Liverpool,1,2,14,13,5,6,5,3,3,1,1,-1,0,0,1
2022-11-12,Tottenham,Leeds,4,3,14,12,8,5,9,2,7,1,1,1,1,0,0
2022-12-26,Tottenham,Brentford,2,2,16,9,8,5,5,6,4,1,0,0,0,1,0
2023-01-01,Tottenham,Aston Villa,0,2,6,13,2,4,5,3,2,0,1,-2,0,0,1
2023-01-04,Tottenham,Crystal Palace,4,0,14,19,6,4,4,10,4,1,0,4,1,0,0
2023-01-15,Tottenham,Arsenal,0,2,17,14,7,5,4,3,2,0,1,-2,0,0,1
2023-01-19,Tottenham,Man City,2,4,9,16,3,6,3,8,6,1,0,-2,0,0,1
2023-01-23,Tottenham,Fulham,1,0,10,10,3,5,8,3,1,0,0,1,1,0,0
2023-02-05,Tottenham,Man City,1,0,12,15,3,5,4,6,1,0,1,1,1,0,0
2023-02-11,Tottenham,Leicester,1,4,11,15,4,7,5,1,5,1,0,-3,0,0,1
2023-02-19,Tottenham,West Ham,2,0,16,6,6,1,4,7,2,0,1,2,1,0,0
2023-02-26,Tottenham,Chelsea,2,0,8,10,3,2,4,4,2,0,1,2,1,0,0
2023-03-04,Tottenham,Wolves,0,1,21,8,6,5,8,4,1,0,0,-1,0,0,1
2023-03-11,Tottenham,Nott'm Forest,3,1,15,9,7,5,2,10,4,1,1,2,1,0,0
2023-03-18,Tottenham,Southampton,3,3,17,19,3,7,3,10,6,1,0,0,0,1,0
2023-04-03,Tottenham,Everton,1,1,8,15,2,6,3,3,2,0,0,0,0,1,0
2023-04-08,Tottenham,Brighton,2,1,9,17,3,4,3,7,3,1,1,1,1,0,0
2023-04-15,Tottenham,Bournemouth,2,3,24,6,8,6,8,1,5,1,1,-1,0,0,1
2023-04-23,Tottenham,Newcastle,1,6,11,25,3,8,3,9,7,1,0,-5,0,0,1
2023-04-27,Tottenham,Man United,2,2,18,17,7,8,6,8,4,1,1,0,0,1,0
2023-04-30,Tottenham,Liverpool,3,4,10,12,7,4,2,5,7,1,0,-1,0,0,1
2023-05-06,Tottenham,Crystal Palace,1,0,8,7,3,2,8,4,1,0,1,1,1,0,0
2023-05-13,Tottenham,Aston Villa,1,2,5,8,2,4,3,8,3,1,0,-1,0,0,1
2023-05-20,Tottenham,Brentford,1,3,22,11,8,4,8,2,4,1,1,-2,0,0,1
2023-05-28,Tottenham,Leeds,4,1,11,19,7,2,3,12,5,1,0,3,1,0,0
2023-08-13,Tottenham,Brentford,2,2,18,11,6,6,6,3,4,1,0,0,0,1,0
2023-08-19,Tottenham,Man United,2,0,17,22,6,6,5,6,2,0,1,2,1,0,0
2023-08-26,Tottenham,Bournemouth,2,0,17,11,6,3,2,6,2,0,0,2,1,0,0
2023-09-02,Tottenham,Burnley,5,2,20,16,10,4,4,7,7,1,0,3,1,0,0
2023-09-16,Tottenham,Sheffield United,2,1,28,7,10,5,15,2,3,1,1,1,1,0,0
2023-09-24,Tottenham,Arsenal,2,2,13,13,5,6,4,11,4,1,0,0,0,1,0
2023-09-30,Tottenham,Liverpool,2,1,24,12,8,4,12,5,3,1,1,1,1,0,0
2023-10-07,Tottenham,Luton,1,0,15,12,4,2,6,5,1,0,0,1,1,0,0
2023-10-23,Tottenham,Fulham,2,0,15,10,5,3,3,5,2,0,1,2,1,0,0
2023-10-27,Tottenham,Crystal Palace,2,1,10,13,1,3,2,11,3,1,0,1,1,0,0
2023-11-06,Tottenham,Chelsea,1,4,8,17,5,8,1,6,5,1,1,-3,0,0,1
2023-11-11,Tottenham,Wolves,1,2,6,17,2,4,3,11,3,1,0,-1,0,0,1
2023-11-26,Tottenham,Aston Villa,1,2,18,15,8,5,9,3,3,1,1,-1,0,0,1
2023-12-03,Tottenham,Man City,3,3,8,18,4,4,8,10,6,1,0,0,0,1,0
2023-12-07,Tottenham,West Ham,1,2,23,11,7,5,8,4,3,1,1,-1,0,0,1
2023-12-10,Tottenham,Newcastle,4,1,23,9,12,3,3,6,5,1,1,3,1,0,0
2023-12-15,Tottenham,Nott'm Forest,2,0,12,15,6,1,4,6,2,0,0,2,1,0,0
2023-12-23,Tottenham,Everton,2,1,13,18,6,8,3,8,3,1,1,1,1,0,0
2023-12-28,Tottenham,Brighton,2,4,19,15,3,9,6,7,6,1,0,-2,0,0,1
2023-12-31,Tottenham,Bournemouth,3,1,12,24,6,4,4,13,4,1,1,2,1,0,0
2024-01-14,Tottenham,Man United,2,2,16,9,6,2,13,8,4,1,0,0,0,1,0
2024-01-31,Tottenham,Brentford,3,2,19,9,5,5,5,3,5,1,1,1,1,0,0
2024-02-03,Tottenham,Everton,2,2,9,14,6,5,5,9,4,1,0,0,0,1,0
2024-02-10,Tottenham,Brighton,2,1,16,6,6,3,9,6,3,1,1,1,1,0,0
2024-02-17,Tottenham,Wolves,1,2,15,12,4,7,10,4,3,1,1,-1,0,0,1
2024-03-02,Tottenham,Crystal Palace,3,1,14,4,6,1,11,1,4,1,1,2,1,0,0
2024-03-10,Tottenham,Aston Villa,4,0,9,10,5,1,4,6,4,1,0,4,1,0,0
2024-03-16,Tottenham,Fulham,0,3,14,16,5,7,5,4,3,1,0,-3,0,0,1
2024-03-30,Tottenham,Luton,2,1,17,7,4,3,3,6,3,1,1,1,1,0,0
2024-04-02,Tottenham,West Ham,1,1,13,11,4,4,5,9,2,0,0,0,0,1,0
2024-04-07,Tottenham,Nott'm Forest,3,1,17,13,7,6,12,2,4,1,1,2,1,0,0
2024-04-13,Tottenham,Newcastle,0,4,11,18,2,5,3,16,4,1,0,-4,0,0,1
2024-04-28,Tottenham,Arsenal,2,3,14,9,2,3,8,6,5,1,1,-1,0,0,1
2024-05-02,Tottenham,Chelsea,0,2,19,16,3,5,9,4,2,0,0,-2,0,0,1
2024-05-05,Tottenham,Liverpool,2,4,11,25,6,13,3,8,6,1,0,-2,0,0,1
2024-05-11,Tottenham,Burnley,2,1,21,7,9,3,9,3,3,1,1,1,1,0,0
2024-05-14,Tottenham,Man City,0,2,10,8,5,5,7,4,2,0,1,-2,0,0,1
2024-05-19,Tottenham,Sheffield United,3,0,18,6,9,1,6,2,3,1,0,3,1,0,0
2022-08-07,West Ham,Man City,0,2,6,14,1,2,1,4,2,0,1,-2,0,0,1
2022-08-14,West Ham,Nott'm Forest,0,1,19,13,5,6,7,6,1,0,0,-1,0,0,1
2022-08-21,West Ham,Brighton,0,2,13,11,3,2,5,4,2,0,1,-2,0,0,1
2022-08-28,West Ham,Aston Villa,1,0,7,9,2,3,2,3,1,0,0,1,1,0,0
2022-08-31,West Ham,Tottenham,1,1,14,13,4,4,3,4,2,0,1,0,0,1,0
2022-09-03,West Ham,Chelsea,1,2,6,8,3,3,3,10,3,1,0,-1,0,0,1
2022-09-18,West Ham,Everton,0,1,14,7,4,2,14,5,1,0,0,-1,0,0,1
2022-10-01,West Ham,Wolves,2,0,18,15,5,4,1,6,2,0,1,2,1,0,0
2022-10-09,West Ham,Fulham,3,1,17,8,8,2,4,2,4,1,1,2,1,0,0
2022-10-16,West Ham,Southampton,1,1,25,10,4,8,14,4,2,0,0,0,0,1,0
2022-10-19,West Ham,Liverpool,0,1,8,22,3,7,3,8,1,0,0,-1,0,0,1
2022-10-24,West Ham,Bournemouth,2,0,20,5,4,3,5,0,2,0,1,2,1,0,0
2022-10-30,West Ham,Man United,0,1,13,16,5,3,10,5,1,0,0,-1,0,0,1
2022-11-06,West Ham,Crystal Palace,1,2,5,15,2,6,2,5,3,1,1,-1,0,0,1
2022-11-12,West Ham,Leicester,0,2,18,9,6,6,7,2,2,0,1,-2,0,0,1
2022-12-26,West Ham,Arsenal,1,3,8,16,4,5,5,7,4,1,0,-2,0,0,1
2022-12-30,West Ham,Brentford,0,2,20,9,5,6,8,1,2,0,1,-2,0,0,1
2023-01-04,West Ham,Leeds,2,2,15,14,2,6,1,8,4,1,0,0,0,1,0
2023-01-14,West Ham,Wolves,0,1,16,17,4,4,3,4,1,0,0,-1,0,0,1
2023-01-21,West Ham,Everton,2,0,11,5,4,2,4,9,2,0,1,2,1,0,0
2023-02-04,West Ham,Newcastle,1,1,10,8,1,2,2,4,2,0,0,0,0,1,0
2023-02-11,West Ham,Chelsea,1,1,10,12,2,4,5,6,2,0,1,0,0,1,0
2023-02-19,West Ham,Tottenham,0,2,6,16,1,6,7,4,2,0,0,-2,0,0,1
2023-02-25,West Ham,Nott'm Forest,4,0,18,8,5,3,12,3,4,1,1,4,1,0,0
2023-03-04,West Ham,Brighton,0,4,3,20,2,9,3,7,4,1,0,-4,0,0,1
2023-03-12,West Ham,Aston Villa,1,1,17,12,6,4,13,2,2,0,1,0,0,1,0
2023-04-02,West Ham,Southampton,1,0,12,9,2,3,5,3,1,0,1,1,1,0,0
2023-04-05,West Ham,Newcastle,1,5,7,15,2,8,7,6,6,1,1,-4,0,0,1
2023-04-08,West Ham,Fulham,1,0,9,16,5,3,4,11,1,0,0,1,1,0,0
2023-04-16,West Ham,Arsenal,2,2,16,11,3,5,7,2,4,1,1,0,0,1,0
2023-04-23,West Ham,Bournemouth,4,0,18,17,10,5,5,8,4,1,0,4,1,0,0
2023-04-26,West Ham,Liverpool,1,2,7,20,2,4,3,6,3,1,1,-1,0,0,1
2023-04-29,West Ham,Crystal Palace,3,4,8,16,4,6,5,8,7,1,0,-1,0,0,1
2023-05-03,West Ham,Man City,0,3,6,16,2,7,3,6,3,1,0,-3,0,0,1
2023-05-07,West Ham,Man United,1,0,15,19,4,4,5,6,1,0,1,1,1,0,0
2023-05-14,West Ham,Brentford,0,2,4,24,4,10,5,7,2,0,0,-2,0,0,1
2023-05-21,West Ham,Leeds,3,1,19,12,9,3,9,5,4,1,1,2,1,0,0
2023-05-28,West Ham,Leicester,1,2,16,13,3,4,5,3,3,1,0,-1,0,0,1
2023-08-12,West Ham,Bournemouth,1,1,16,14,3,5,4,10,2,0,0,0,0,1,0
2023-08-20,West Ham,Chelsea,3,1,12,17,6,4,3,9,4,1,1,2,1,0,0
2023-08-26,West Ham,Brighton,3,1,12,25,3,10,4,17,4,1,0,2,1,0,0
2023-09-01,West Ham,Luton,2,1,9,16,3,1,6,9,3,1,0,1,1,0,0
2023-09-16,West Ham,Man City,1,3,6,29,3,15,4,11,4,1,1,-2,0,0,1
2023-09-24,West Ham,Liverpool,1,3,11,22,4,7,4,7,4,1,0,-2,0,0,1
2023-09-30,West Ham,Sheffield United,2,0,20,16,9,2,7,4,2,0,1,2,1,0,0
2023-10-08,West Ham,Newcastle,2,2,5,10,3,3,4,2,4,1,1,0,0,1,0
2023-10-22,West Ham,Aston Villa,1,4,14,15,4,7,7,8,5,1,0,-3,0,0,1
2023-10-29,West Ham,Everton,0,1,12,10,2,4,4,3,1,0,1,-1,0,0,1
2023-11-04,West Ham,Brentford,2,3,12,16,2,4,3,4,5,1,0,-1,0,0,1
2023-11-12,West Ham,Nott'm Forest,3,2,16,10,6,5,9,4,5,1,1,1,1,0,0
2023-11-25,West Ham,Burnley,2,1,11,11,3,5,5,4,3,1,0,1,1,0,0
2023-12-03,West Ham,Crystal Palace,1,1,9,9,3,2,2,3,2,0,1,0,0,1,0
2023-12-07,West Ham,Tottenham,2,1,11,23,5,7,4,8,3,1,0,1,1,0,0
2023-12-10,West Ham,Fulham,0,5,9,14,5,8,6,3,5,1,0,-5,0,0,1
2023-12-17,West Ham,Wolves,3,0,13,14,4,3,6,6,3,1,1,3,1,0,0
2023-12-23,West Ham,Man United,2,0,12,11,5,3,4,4,2,0,1,2,1,0,0
2023-12-28,West Ham,Arsenal,2,0,6,30,3,8,3,10,2,0,0,2,1,0,0
2024-01-02,West Ham,Brighton,0,0,6,22,2,8,2,0,0,0,1,0,0,1,0
2024-01-21,West Ham,Sheffield United,2,2,16,21,5,6,1,4,4,1,0,0,0,1,0
2024-02-01,West Ham,Bournemouth,1,1,9,9,3,4,1,5,2,0,1,0,0,1,0
2024-02-04,West Ham,Man United,0,3,22,12,3,5,8,5,3,1,0,-3,0,0,1
2024-02-11,West Ham,Arsenal,0,6,5,25,1,12,2,6,6,1,1,-6,0,0,1
2024-02-17,West Ham,Nott'm Forest,0,2,10,19,3,8,3,5,2,0,0,-2,0,0,1
2024-02-26,West Ham,Brentford,4,2,17,14,6,8,1,7,6,1,1,2,1,0,0
2024-03-02,West Ham,Everton,3,1,12,22,5,11,5,4,4,1,0,2,1,0,0
2024-03-10,West Ham,Burnley,2,2,22,11,4,4,4,4,4,1,1,0,0,1,0
2024-03-17,West Ham,Aston Villa,1,1,13,13,5,5,7,11,2,0,1,0,0,1,0
2024-03-30,West Ham,Newcastle,3,4,10,24,4,9,4,3,7,1,0,-1,0,0,1
2024-04-02,West Ham,Tottenham,1,1,11,13,4,4,9,5,2,0,1,0,0,1,0
2024-04-06,West Ham,Wolves,2,1,11,14,4,7,4,4,3,1,0,1,1,0,0
2024-04-14,West Ham,Fulham,0,2,15,18,4,10,8,3,2,0,1,-2,0,0,1
2024-04-21,West Ham,Crystal Palace,2,5,4,18,1,7,0,4,7,1,0,-3,0,0,1
2024-04-27,West Ham,Liverpool,2,2,11,28,8,8,5,8,4,1,1,0,0,1,0
2024-05-05,West Ham,Chelsea,0,5,13,25,2,14,6,8,5,1,0,-5,0,0,1
2024-05-11,West Ham,Luton,3,1,24,4,8,1,7,6,4,1,1,2,1,0,0
2024-05-19,West Ham,Man City,1,3,3,28,2,12,2,11,4,1,0,-2,0,0,1
2022-08-06,Wolves,Leeds,1,2,15,12,6,4,4,6,3,1,0,-1,0,0,1
2022-08-13,Wolves,Fulham,0,0,7,9,1,3,5,3,0,0,1,0,0,1,0
2022-08-20,Wolves,Tottenham,0,1,20,11,3,4,6,8,1,0,0,-1,0,0,1
2022-08-28,Wolves,Newcastle,1,1,10,21,4,6,4,13,2,0,1,0,0,1,0
2022-08-31,Wolves,Bournemouth,0,0,17,5,4,2,5,2,0,0,0,0,0,1,0
2022-09-03,Wolves,Southampton,1,0,7,12,2,1,5,6,1,0,1,1,1,0,0
2022-09-17,Wolves,Man City,0,3,6,16,1,7,5,7,3,1,1,-3,0,0,1
2022-10-01,Wolves,West Ham,0,2,15,18,4,5,6,1,2,0,0,-2,0,0,1
2022-10-08,Wolves,Chelsea,0,3,8,20,2,7,2,4,3,1,0,-3,0,0,1
2022-10-15,Wolves,Nott'm Forest,1,0,9,10,2,2,4,5,1,0,1,1,1,0,0
2022-10-18,Wolves,Crystal Palace,1,2,10,14,4,4,3,4,3,1,0,-1,0,0,1
2022-10-23,Wolves,Leicester,0,4,21,5,5,4,9,2,4,1,1,-4,0,0,1
2022-10-29,Wolves,Brentford,1,1,14,12,4,3,6,3,2,0,0,0,0,1,0
2022-11-05,Wolves,Brighton,2,3,8,19,5,8,4,9,5,1,1,-1,0,0,1
2022-11-12,Wolves,Arsenal,0,2,11,14,2,4,6,4,2,0,1,-2,0,0,1
2022-12-26,Wolves,Everton,2,1,7,12,4,6,2,2,3,1,0,1,1,0,0
2022-12-31,Wolves,Man United,0,1,10,16,3,6,7,5,1,0,1,-1,0,0,1
2023-01-04,Wolves,Aston Villa,1,1,10,13,3,4,8,7,2,0,0,0,0,1,0
2023-01-14,Wolves,West Ham,1,0,17,16,4,4,4,3,1,0,1,1,1,0,0
2023-01-22,Wolves,Man City,0,3,10,13,1,7,7,5,3,1,0,-3,0,0,1
2023-02-04,Wolves,Liverpool,3,0,12,22,6,4,2,7,3,1,1,3,1,0,0
2023-02-11,Wolves,Southampton,2,1,11,17,2,2,2,5,3,1,0,1,1,0,0
2023-02-18,Wolves,Bournemouth,0,1,15,5,4,1,12,2,1,0,1,-1,0,0,1
2023-02-24,Wolves,Fulham,1,1,8,10,2,5,3,4,2,0,0,0,0,1,0
2023-03-01,Wolves,Liverpool,0,2,4,15,1,6,2,5,2,0,0,-2,0,0,1
2023-03-04,Wolves,Tottenham,1,0,8,21,5,6,4,8,1,0,1,1,1,0,0
2023-03-12,Wolves,Newcastle,1,2,7,19,4,8,3,10,3,1,0,-1,0,0,1
2023-03-18,Wolves,Leeds,2,4,23,11,8,4,5,4,6,1,1,-2,0,0,1
2023-04-01,Wolves,Nott'm Forest,1,1,8,17,1,7,3,4,2,0,0,0,0,1,0
2023-04-08,Wolves,Chelsea,1,0,9,13,4,1,8,8,1,0,1,1,1,0,0
2023-04-15,Wolves,Brentford,2,0,11,10,9,3,5,2,2,0,1,2,1,0,0
2023-04-22,Wolves,Leicester,1,2,16,15,3,8,7,1,3,1,0,-1,0,0,1
2023-04-25,Wolves,Crystal Palace,2,0,9,14,3,4,6,11,2,0,1,2,1,0,0
2023-04-29,Wolves,Brighton,0,6,10,22,2,8,5,2,6,1,0,-6,0,0,1
2023-05-06,Wolves,Aston Villa,1,0,6,16,2,3,5,6,1,0,1,1,1,0,0
2023-05-13,Wolves,Man United,0,2,5,27,0,9,7,11,2,0,0,-2,0,0,1
2023-05-20,Wolves,Everton,1,1,13,19,5,4,1,7,2,0,1,0,0,1,0
2023-05-28,Wolves,Arsenal,0,5,6,14,0,8,4,8,5,1,0,-5,0,0,1
2023-08-14,Wolves,Man United,0,1,23,15,6,3,7,8,1,0,0,-1,0,0,1
2023-08-19,Wolves,Brighton,1,4,16,16,5,8,5,3,5,1,1,-3,0,0,1
2023-08-26,Wolves,Everton,1,0,11,15,2,7,0,7,1,0,0,1,1,0,0
2023-09-03,Wolves,Crystal Palace,2,3,12,16,4,11,2,4,5,1,0,-1,0,0,1
2023-09-16,Wolves,Liverpool,1,3,11,16,2,6,4,4,4,1,1,-2,0,0,1
2023-09-23,Wolves,Luton,1,1,3,20,3,4,1,10,2,0,0,0,0,1,0
2023-09-30,Wolves,Man City,2,1,3,23,1,8,0,6,3,1,1,1,1,0,0
2023-10-08,Wolves,Aston Villa,1,1,8,18,3,4,2,10,2,0,1,0,0,1,0
2023-10-21,Wolves,Bournemouth,2,1,20,7,7,4,12,3,3,1,0,1,1,0,0
2023-10-28,Wolves,Newcastle,2,2,11,13,6,5,8,7,4,1,1,0,0,1,0
2023-11-04,Wolves,Sheffield United,1,2,10,11,3,2,4,4,3,1,0,-1,0,0,1
2023-11-11,Wolves,Tottenham,2,1,17,6,4,2,11,3,3,1,1,1,1,0,0
2023-11-27,Wolves,Fulham,2,3,10,12,6,6,2,6,5,1,0,-1,0,0,1
2023-12-02,Wolves,Arsenal,1,2,6,19,3,6,0,4,3,1,0,-1,0,0,1
2023-12-05,Wolves,Burnley,1,0,7,12,4,3,6,8,1,0,1,1,1,0,0
2023-12-09,Wolves,Nott'm Forest,1,1,10,8,4,2,4,3,2,0,1,0,0,1,0
2023-12-17,Wolves,West Ham,0,3,14,13,3,4,6,6,3,1,0,-3,0,0,1
2023-12-24,Wolves,Chelsea,2,1,14,16,6,5,10,6,3,1,1,1,1,0,0
2023-12-27,Wolves,Brentford,4,1,11,14,5,4,2,8,5,1,0,3,1,0,0
2023-12-30,Wolves,Everton,3,0,12,10,6,0,5,2,3,1,1,3,1,0,0
2024-01-22,Wolves,Brighton,0,0,8,11,3,4,2,8,0,0,0,0,0,1,0
2024-02-01,Wolves,Man United,3,4,16,21,7,8,4,5,7,1,1,-1,0,0,1
2024-02-04,Wolves,Chelsea,4,2,14,15,7,6,1,10,6,1,0,2,1,0,0
2024-02-10,Wolves,Brentford,0,2,17,9,5,6,7,4,2,0,1,-2,0,0,1
2024-02-17,Wolves,Tottenham,2,1,12,15,7,4,4,10,3,1,0,1,1,0,0
2024-02-25,Wolves,Sheffield United,1,0,13,12,2,4,5,6,1,0,1,1,1,0,0
2024-03-02,Wolves,Newcastle,0,3,12,14,3,7,5,3,3,1,0,-3,0,0,1
2024-03-09,Wolves,Fulham,2,1,8,23,3,6,3,4,3,1,1,1,1,0,0
2024-03-30,Wolves,Aston Villa,0,2,13,11,3,5,4,5,2,0,0,-2,0,0,1
2024-04-02,Wolves,Burnley,1,1,8,13,2,6,4,7,2,0,0,0,0,1,0
2024-04-06,Wolves,West Ham,1,2,14,11,7,4,4,4,3,1,1,-1,0,0,1
2024-04-13,Wolves,Nott'm Forest,2,2,11,18,4,9,1,10,4,1,0,0,0,1,0
2024-04-20,Wolves,Arsenal,0,2,5,24,3,9,1,2,2,0,1,-2,0,0,1
2024-04-24,Wolves,Bournemouth,0,1,15,21,4,6,8,12,1,0,1,-1,0,0,1
2024-04-27,Wolves,Luton,2,1,13,9,5,6,4,4,3,1,1,1,1,0,0
2024-05-04,Wolves,Man City,1,5,2,20,1,12,0,6,6,1,0,-4,0,0,1
2024-05-11,Wolves,Crystal Palace,1,3,13,13,7,3,8,3,4,1,1,-2,0,0,1
2024-05-19,Wolves,Liverpool,0,2,4,36,3,14,2,10,2,0,0,-2,0,0,1
